t_0,t_1,t_2,t_3,t_4,t_5,t_6,t_7,t_8,t_9,t_10,t_11,t_12,t_13,t_14,t_15,t_16,t_17,t_18,t_19,t_20,t_21,t_22,t_23,t_24,t_25,t_26,t_27,t_28,t_29
-0.0012812391,0.001585152,-0.0016833264,-0.0003815107,0.0050624944,-0.0011023674,-0.0021268614,-0.0018461905,-0.00014283694,-0.0015955307,0.002249876,-0.003034424,-0.0023775138,-0.0026175268,0.00089015625,0.0028700707,0.0047023613,0.0002857782,-0.002040241,-0.0019393595,-0.0038647056,0.001917582,0.0049048774,0.0023667738,0.006067589,0.0025904328,0.00015310152,0.0017485862,0.003001919,0.00086244196
0.005677808,0.003203433,0.0006739665,-0.0043337066,0.008955097,0.0028895885,-0.0070422925,-0.0050669312,-0.0022435188,0.00079675764,-0.0050402805,-0.0065632276,0.0080097765,-0.003334809,0.0023827106,0.006963573,0.0065674093,-0.008037377,-0.00023772009,-0.002549271,-0.009134922,-0.00695356,0.0013037734,0.0010915734,0.006862711,0.00082734786,0.002537319,0.0020751934,-0.0028324835,-0.0110789575
-0.008703619,-0.0012071021,0.0009808782,0.0053744996,-0.0034334864,-0.004998004,0.0034984201,0.0042604674,0.0044821277,-0.0016106535,0.0019418988,0.006369617,-0.0048925504,-0.00072480366,-0.00343173,-0.0028420372,-0.0071511213,0.0061037987,0.00862191,-0.00067472167,0.0064188913,0.0041189734,0.00024285913,0.00056001917,-0.005458612,-0.0036776448,0.00092096394,-0.0016709208,0.0033632591,0.0034323633
-0.002541881,0.0032086931,-0.0025629755,0.0030652648,0.0010979194,-0.005949227,0.00094591826,0.0056495946,0.002328135,-0.0014519338,0.011573337,0.00286318,-0.0052030794,0.005382251,-0.005814275,-0.0014501996,-0.0010203049,0.0074479952,0.00016066805,-0.002572932,-0.0020108446,0.0039123707,-0.0008645505,0.003945276,-0.003098175,-0.00030928012,-0.0050774626,0.0029140832,0.00019614957,0.011809189
6.2584877e-06,-0.0014537387,0.00096729584,0.001758364,0.0037580896,-0.0006055925,0.00084933266,0.00044991449,0.000466384,-0.00022478029,9.361841e-05,-0.00084458664,-4.20399e-05,0.0008687414,0.00021419488,0.0030155336,0.0016332399,0.0012905225,-0.0012551341,-0.00261609,-0.002504319,-0.00085489266,-0.0013948865,0.002618052,0.0011806339,0.00039671455,0.0006648875,-0.00011408329,0.002747723,-0.00042333826
-0.009111054,-0.0060146376,0.0016945228,0.0068007326,0.0002509188,-0.0045240764,0.005481582,0.0038914997,0.0031844173,-0.0004967116,0.0031442475,0.005334463,-0.005059179,0.0037238486,-0.0019867662,0.0009015193,-0.003226988,0.0081896,0.0023998376,-0.002320282,0.004069304,0.0026105307,-0.0012564175,0.005050227,-0.001072228,-0.00045418367,-0.00031271996,-0.0014950195,0.0066546947,0.0061303154
0.005465083,0.008856624,-0.008023083,-0.0074650906,-0.004396269,0.0025572442,0.004501216,0.0011493005,0.0018296689,-0.002158003,-0.0047167987,0.0014018305,0.011835586,-0.0001614429,0.0020513088,-0.0039027215,0.016522998,-0.008385628,-0.0035898313,-0.0001769599,0.0063764397,0.0006656125,0.014259886,0.006349068,0.012588982,-0.0001048306,0.0071840673,0.00027942285,0.004102381,-0.009509563
-0.003218811,-0.0019390918,0.0023585986,-0.004695637,0.0044740457,-0.0003500022,-0.00092007965,-0.0005702935,0.0009006243,0.004208307,0.0043521468,-0.00033884495,-0.0025721006,0.0034243576,-0.0008262694,0.0054921047,0.0037174467,-0.0008979142,0.0013664104,-0.0027661882,-0.0034612454,0.0023351014,-0.005252,0.0050238147,-0.0032197125,0.000539192,0.00028371438,0.0039019212,-0.00031959452,-0.0011879727
0.001738064,0.005665157,-0.0026138686,-0.002773717,0.007995261,-0.005104199,-0.0012366138,-0.0011301041,-0.0074731354,-0.0023198444,0.00034910254,-0.0022974275,0.0058656,0.004434414,-0.004424719,-7.987348e-05,0.0031335447,0.0021936595,-0.005265044,-0.0005049278,-0.006809823,-0.000971362,-0.003877107,0.005212037,0.00014382228,0.0041985717,0.0003239629,0.0076964092,-0.004088789,0.0088333525
0.002076991,0.002907101,-0.0017531123,-0.004341433,0.003810497,-0.0051638484,-0.00026977807,-0.0051690973,-0.00071854517,-0.003958227,-0.0012273043,-0.0014166869,0.0060367435,-0.0015822537,-0.0014147982,0.0005646646,0.0071816426,-0.001959905,-0.0062255953,-0.002443964,-0.004777711,0.0020886138,0.0029098988,0.00017754547,0.0030603632,-0.00037867483,-0.0039890576,0.0040260963,0.00041825138,0.005772494
-1.3206154e-05,0.001287736,0.0038190382,-0.0032121595,0.0014570244,0.0021049883,-0.0021953955,-0.00043875724,0.0021970514,0.0006621424,-0.00094298646,-0.004278995,0.001794152,-0.00028927997,0.0036087409,0.0009178445,0.0034708586,-0.0012632757,0.0009863283,-0.0011389626,-0.002326779,-0.006205514,-0.008390781,0.0029567927,-0.0005825721,0.0006180145,0.0008429461,5.5390236e-05,-0.00397232,-0.009290583
-0.010376472,-0.0010811202,0.0011386313,0.0067238687,-0.0039093345,-0.0067793233,0.0070148185,0.004223533,0.0041579604,-0.0007869471,0.0065118223,0.009480111,-0.009037929,0.0014944822,-0.0050957566,-0.0033661963,-0.0066260714,0.008893367,0.009619735,0.0008253248,0.009002045,0.008834707,8.041784e-05,0.002130881,-0.007434115,-0.004021379,0.00092656305,-0.0019203692,0.0042005843,0.00670838
-0.003115315,-0.013788788,0.007012305,-0.0006826632,-0.00091093406,0.00025716051,0.004359152,0.0019533075,0.0076213637,0.006999025,0.0061439425,0.0018687584,-0.0055253245,0.010155689,0.0032374188,0.0066835987,0.0012829471,-0.00092997774,-0.0011696424,-0.007239205,0.0021899566,0.0015444998,-0.010019213,0.0075269304,-0.0047232583,-0.00021922402,-0.0014029476,-0.001331669,0.002296188,-0.0058597103
-0.011225034,-3.3080578e-05,0.000989506,0.0030363332,4.5202672e-05,-0.006371801,0.005179789,0.0044734813,0.0012433603,0.00044875033,0.005767606,0.0077941455,-0.0066905264,0.0030549727,-0.006339376,-0.001067936,-0.004321523,0.009118486,0.0075494554,0.0009194582,0.00428652,0.0071322564,-0.0036106482,0.0042704847,-0.007904667,-0.0025849035,0.00038885372,0.0022605248,0.0031621754,0.009604044
0.0053038746,0.006711442,-0.0038524307,0.0015036436,0.004632959,-0.0035444722,-0.0022468306,-0.00461388,-0.0033989232,-0.0050916187,-0.00029643625,-0.0036932938,0.0034203306,-0.0033440366,-0.00029062293,-0.0017052309,0.0031982865,-0.0013438612,-0.0031083077,-0.0005180248,-0.0026837178,0.00016240217,0.007893708,0.00022377074,0.0072700903,0.0029984973,0.0016219025,0.0011171411,-0.0019311272,0.00039556623
-0.007505346,-0.011776745,0.0071990695,-0.003958188,0.0027464852,-0.0004926231,0.0069505684,0.00034932047,0.0050775018,0.0073160455,0.004346492,0.0063088126,0.000814233,0.00525802,-0.00026715733,0.0036016176,0.0019688364,0.0018726438,0.005751012,0.00079132454,0.0046649817,0.002629742,-0.011366572,0.0069244597,-0.00812868,-0.005333865,0.0058270176,-0.000633921,-0.005724741,-0.004913226
0.010103218,-0.0012090541,0.0017818604,-0.0036079437,0.0057160053,0.005167015,-0.006718047,-0.008136433,0.0023287535,0.0020379443,-0.0029862635,-0.008441307,0.0050636977,-0.0039684735,0.0075684916,0.007671206,0.008605888,-0.0129811615,-0.0023269374,-0.005245115,-0.006290391,-0.005407702,0.0054058097,-0.00021510571,0.010160115,0.0014862772,0.0026983577,-0.0023545595,-0.002484277,-0.01910543
-0.0034660846,-0.0002886355,0.0029529706,0.0013924567,0.0016131066,-0.0010824297,0.00038890913,-9.395555e-05,0.0026785117,0.0019704755,-0.00024095923,0.0033102669,-0.0001686886,-0.0010147467,-0.0014536623,0.0029203175,-0.0015422329,-0.0006088093,0.008927461,-0.00070960866,0.0014365762,0.00019075722,-0.00090926513,0.0011510774,-0.0026993677,-0.0041520884,0.0027052038,-0.0012447331,0.00024821796,-0.006136
-0.0032846257,0.0017477348,-0.0010463707,0.0001900047,0.0020603351,-0.0046079885,0.0017526038,-0.00014677644,-0.0006582644,-0.0007050764,0.0054412168,0.001743596,-0.003972128,0.0019563027,-0.00289331,-0.0006184557,0.00087567605,0.0034988374,0.000605816,-0.00067648327,0.00042818487,0.005770756,0.00010153279,0.0034260023,-0.0019594096,0.0013183616,0.00036593294,0.0028644763,0.00047754124,0.006044753
0.00087244436,0.0019924417,-0.001133455,0.006009021,-0.004779717,-0.0055273715,0.0043994896,-0.0028180368,0.003516296,-0.0026904736,0.006042421,0.0045597143,-0.0060473382,-0.0015386157,-0.0009160731,-0.005569756,-0.002900632,0.000828702,0.0053213257,-9.4716204e-05,0.009041447,0.008899793,0.007851571,-0.001445828,-0.0014692508,-0.0015350655,0.0027170558,-0.0044848877,-0.00061223656,-0.0011529773
-0.0088141,0.00078590587,0.0019544289,0.004194333,0.0056707542,-0.0019727368,0.0028743744,0.0003723055,0.0028960798,-8.874573e-05,-0.0014661327,0.0024581067,0.002638705,-0.0022209398,-0.0040145274,0.00019184966,-0.0035794321,0.0050875507,0.011787648,0.0028618544,0.0018089786,-0.0043205507,0.0017450526,1.6886741e-05,-0.0016479939,-0.0057718717,0.00081756385,0.001401227,0.0024392474,-0.0012802631
0.0078296885,0.0031420104,-0.0013343189,0.00044797733,-0.001622906,-0.004101185,0.0013531484,-0.0062420033,0.00014460087,-0.0011876132,0.0054985154,-0.00011891499,-0.0010060109,0.0015156865,0.0002930779,-0.003898944,0.0015296657,-0.004604552,-0.0004200358,-0.0016004015,0.0039155744,0.0062607806,0.004326079,-0.00022778846,-0.0009669326,0.0015509985,0.002755337,-0.001111733,-0.0059903674,-0.0036756396
0.010425538,0.0087376535,-0.0027706493,-0.0035060216,0.0056764856,-0.0010845717,-0.0053427257,-0.0077991486,-0.0048520863,-0.0023780484,-0.0012282562,-0.0055437833,0.006940361,-0.0028755963,0.00026907958,-4.444504e-05,0.005359089,-0.007918622,-0.0015884172,-0.000703403,-0.0052508228,-0.0012435392,0.004839357,-0.0010401309,0.004496403,0.0024410505,0.0034359158,0.0023655393,-0.0072900373,-0.006465066
-0.0066861473,-0.0018711798,0.0020197686,0.0035629114,0.00027829036,-0.002853578,0.0035196766,0.00070336834,0.0034714919,0.00022419356,0.00043879636,0.0040730536,-0.00156435,-0.0012452453,-0.0015620515,0.0019871462,-0.0012049042,0.0024442673,0.006594656,-0.00044108008,0.003425546,0.0016764663,0.0015220791,0.00071565993,-0.0016287491,-0.0038978104,0.0013403348,-0.0009989914,0.0038343826,-0.00023530424
-0.0066189915,-0.0035196505,-0.00082147494,0.000916725,-0.0037805643,-0.0017315745,0.0011375621,-0.00015274435,-0.0024212785,-0.0012279637,0.014335,0.00381504,-0.012585467,0.008227091,-0.0064335596,-7.179985e-05,-0.003476046,0.006616786,0.0018210653,-0.004349643,0.0052754115,0.007519273,-0.009760812,0.002774017,-0.013550933,0.0047884714,-0.00062777475,9.002583e-05,0.0075673126,0.009945802
-0.009312198,-0.0008260347,0.0032324735,0.0025738273,0.000621099,-0.0055789314,0.0047249235,0.004218232,0.0011684448,0.0019436255,0.0029893685,0.008603238,-0.0022596195,0.0043806545,-0.006183885,-0.00018797093,-0.0052964315,0.006687559,0.009301646,0.0011206439,0.004144419,0.0035807472,-0.007224612,0.0039813705,-0.009965681,-0.004555881,0.0017374209,0.0012962115,-5.1230192e-05,0.0049859993
0.0033475757,0.008550122,-0.0045051426,-0.0006934237,-0.0039079897,-0.0028393809,-0.0025325269,0.0016628765,-0.0012860354,-0.008108154,0.00964288,-0.0019878782,-0.008522186,-0.0025940165,-0.0024783611,-0.0055262856,-0.0003444329,0.00033744425,-0.0011339188,-0.0011456837,0.0009939149,0.006586002,0.0015995316,-0.003091313,-0.0023602173,0.0026839897,-0.00217902,-4.804629e-05,0.0014189696,0.003214538
-0.008013096,-0.0008315742,0.004425998,0.0007786192,-0.0018091854,-0.0019481909,0.002133429,0.0069486797,0.0026670918,0.00084654614,0.0027126987,0.0055401325,-0.0036387108,0.004008185,-0.0044555627,0.0009175367,-0.0058144685,0.005288597,0.009396418,-0.0007915008,0.0023293942,-0.00047649816,-0.012422644,0.0028161798,-0.011205424,-0.0048648026,-0.00050200475,0.00015489396,0.0018688757,-0.00038469955
-0.007430993,-0.007848104,0.004920982,0.002216001,0.0005250145,-0.0021876656,0.004433032,0.003162738,0.005044194,0.004156735,0.0031108856,0.004881084,-0.0038525425,0.005495917,-0.00085627474,0.0041809077,-0.0018240605,0.0033889115,0.004609162,-0.0031998954,0.0028349794,0.0016910117,-0.006194245,0.0057302527,-0.0046899803,-0.002545814,0.00020287093,-0.00061186915,0.0031184796,-0.0010010079
-0.00621609,-0.0015217885,0.0030150544,-5.2254647e-05,0.0077547636,0.00074075535,-0.002305854,0.0022273213,0.00039079785,0.0017843544,-0.004630465,-4.9378723e-05,0.0037508793,-0.0010215193,-0.0010352246,0.0077008414,0.0011502448,0.0012392588,0.00485179,-0.001650706,-0.0058609284,-0.0061090775,-0.0034801215,0.004071271,0.0021954142,-0.002383924,0.0010396629,0.0019056933,0.0034525683,-0.0035362765
-0.004450891,0.00068040565,-0.00037804246,-0.0010753144,0.00089896284,-0.003423931,0.0014764443,-0.00059789047,0.0013950989,0.00091099925,0.007861368,0.0019311011,-0.0076106265,0.0010863617,-0.0019689985,0.0004636082,0.0017448645,0.0024547353,0.002130624,-0.0010478471,0.001350835,0.008302113,0.0007115528,0.002995139,-0.0028751865,0.0008430425,0.0002953387,0.0022850826,0.0014451118,0.004067775
-0.0006231144,0.0021919794,-0.0017311983,0.004906102,-0.001968857,-0.004847767,0.0029295795,-0.0019715056,0.0022280272,-0.0030568857,0.005013831,0.002770085,-0.005364064,-0.002029717,-0.00087252446,-0.0036962682,-0.0011678096,0.0019363351,0.003116751,-0.00030943146,0.0055670068,0.007209709,0.0074645057,-0.00025976077,0.00091458857,-0.0002469793,0.001783744,-0.0025936519,0.0011001732,0.0011295304
-0.0036074296,-0.0049998574,0.0024151169,0.004592482,-0.0017240401,-0.003079079,0.0044274367,0.00054332614,0.0052378764,0.0009967554,0.004006963,0.0039851665,-0.0050263125,0.0021388158,0.00040642172,0.00058559375,-0.0017327666,0.0020619482,0.0036545247,-0.0025985797,0.0053793564,0.0041460674,0.0009714663,0.002780849,-0.0012623481,-0.0016686898,0.0009616581,-0.0031641778,0.002657027,-0.0019709133
-0.0014361106,-0.0009806901,0.0005464833,0.0013406221,0.0017977934,-0.0042993072,0.0026751831,-5.462393e-05,6.400235e-05,2.7304515e-05,0.0032959841,0.001880575,-0.0009611249,0.004120931,-0.0018758271,-2.0972919e-05,3.1992793e-05,0.0022993423,-0.00010571256,-0.0018144059,0.000917919,0.0027476735,-0.001964856,0.0041278824,-0.0018812045,0.0008005863,0.0006255,0.0015367805,-0.00059991516,0.0030563958
-0.0148194395,-0.013600033,0.005583849,0.006079549,-0.0018899329,-0.0059316,0.010575572,0.0084561035,0.0069162035,0.004113679,0.007137904,0.009358745,-0.009357667,0.011221064,-0.0027940683,0.0024630101,-0.0050748214,0.011966605,0.0023434218,-0.00388808,0.0067961775,0.0053916574,-0.009987451,0.009899375,-0.007969838,-0.0017493702,-0.0024012406,-0.00017439423,0.007632491,0.009748239
-0.0015860125,-0.0019239187,-0.0011892524,0.0025264882,0.005999863,0.0013323948,0.0009841546,-0.0010062382,-0.0028810594,-0.0010806266,-0.0005233083,-0.0075653233,0.0020293966,0.00053292885,0.0033185799,0.006005239,0.005865881,-0.0006377883,-0.0062026437,-0.0016447111,-0.003388919,-0.0061491914,0.003400199,0.0017471686,0.007794801,0.0052411277,0.0030424153,0.0037319039,0.0043557594,0.0011085384
0.0131177455,-8.813664e-05,-0.001567034,-0.002462931,0.0047110263,0.0015357863,-0.0044609196,-0.009010471,-0.00010748394,-0.0012105312,0.0007014405,-0.009567425,0.0036816895,-0.000898432,0.0071728025,0.00305244,0.009560736,-0.01046215,-0.010136634,-0.0055934023,-0.005288329,-0.0016712788,0.007472649,0.0010414384,0.011705134,0.0060130525,0.0012693624,-0.00085193233,-0.0035309382,-0.010653567
-0.000579752,-0.0020467564,0.0038642334,-0.0047863405,0.008898847,0.002029214,-0.0065876693,-0.0010636561,-9.0200454e-05,0.0014677942,-0.0016031191,-0.0006589107,0.008462992,-0.00069226697,0.00080129504,0.005826686,0.007093517,-0.0047323443,-6.8392605e-05,-0.00037631625,-0.0061545186,-0.0022881366,-0.0037458166,0.00035608,0.006219756,-0.0016164696,0.0017291144,-0.000249975,-0.0017804261,-0.0029842556
-0.0030808486,-0.0033957586,0.0032994002,0.00012290291,0.00358464,-0.00041378662,0.00021529198,0.00034835562,0.0023485795,0.0027190745,-0.00014322437,0.0010114536,0.0004973039,0.0017664097,4.130043e-05,0.00505916,0.0008692648,-0.0004797168,0.0035767574,-0.002650954,-0.0013868771,-0.0015084092,-0.0031657591,0.003776813,-0.0005383305,-0.0016729534,0.0011873185,0.00025254226,0.0011442788,-0.00459357
0.003430456,0.0076707043,0.0006554965,-0.004083406,-0.0022887792,0.0008369088,-0.0053527914,0.0041814577,-0.0016149133,-0.003860535,0.0036795624,-0.0012159497,-0.0020207763,0.0008653179,-0.003868442,-0.0004095633,-0.0034263134,-0.0023379847,0.005669458,-0.0018289302,-0.002971243,-0.0017703548,-0.010886993,-0.0026729628,-0.0098413415,-0.0027736844,-0.0015758458,0.00079806935,-0.0009917989,-0.005500313
-0.002542708,-0.0074095074,0.004803472,-0.0008492768,0.0031525735,0.00055494346,0.0005971603,0.00063125044,0.003908679,0.005239834,0.0005320646,6.0498714e-05,-0.0005755909,0.0040181987,0.0028352905,0.0077136974,0.0026816372,-0.0015312843,0.0015800521,-0.0043010474,-0.0013872422,-0.00094408914,-0.004811283,0.004450159,1.526624e-05,-0.0005568713,0.000968846,-0.0011299863,0.0015959088,-0.006433744
-0.0064208955,-0.011688665,0.003805195,0.003169612,-0.0055627953,-0.0033963937,0.011993509,0.0032998286,0.0070415176,0.003770833,0.011997642,0.008566424,-0.008443577,0.011430128,-0.00087700784,-0.0019277012,-0.00308685,0.0061435066,0.004616674,-0.0045945663,0.007668264,0.011865657,-0.007902857,0.0046703797,-0.008119084,-0.002899588,0.0026683486,-0.003995994,0.00065259635,0.0026296228
0.00085267425,0.0027346984,-0.00070516206,-6.6421926e-06,0.0031872261,-0.00041388348,-0.002211161,-0.0033962466,0.000919139,-0.000970874,0.0014425796,-0.0019508079,-0.0016273744,-0.0037338845,0.0012092963,0.0022968743,0.0031903367,-0.002547413,0.0023128968,-0.0014931887,-0.0016753674,0.002015449,0.0057626814,0.00029416196,0.0039726235,0.0003016144,0.0018647215,-0.00033525226,0.0008012261,-0.004558295
-0.0053820796,-0.0061685443,0.006212482,-0.0006412715,0.0007978156,0.0026293974,-0.00093620643,0.005293658,0.0052120276,0.0033193873,0.0003989078,0.0015125871,-0.0024135187,0.0029766709,0.00030824728,0.0075240084,-0.0018727165,-0.00027310476,0.006564034,-0.0044394773,-0.0016623512,-0.0043068454,-0.01047473,0.003151277,-0.0050006583,-0.004343801,-0.0010274583,-0.0015335814,0.0046123313,-0.008810017
-0.00072095916,-0.0037200972,0.0065057417,-0.014438298,0.015973035,0.0043307263,-0.00404099,0.004036797,0.00075055845,0.009971447,-0.0042095073,-0.0036074482,0.011815909,0.000353083,-0.0068546105,0.0184196,0.018256979,-0.014415983,-0.0016712435,0.0040484257,-0.01401506,-0.013110712,-0.01149575,0.00293893,7.285923e-05,0.010753278,-0.00014871731,0.010444435,-0.008930236,-0.015066173
0.010889217,-0.0026468895,0.0010539871,-0.0047945604,0.003029162,0.00034073368,-0.0018407628,-0.0074212924,0.0003994722,0.0026840586,0.0038427636,-0.006037496,0.0022849552,0.0050440766,0.004736569,0.0031829737,0.0076672453,-0.009489782,-0.007811891,-0.005768914,-0.0031957626,0.0006688293,-0.0006820448,0.0034139808,0.0030357055,0.0046852604,0.0011400371,0.001090634,-0.0061293617,-0.008890059
-0.00040505454,-0.007464191,0.007547128,-0.0059782565,0.0076048505,0.0061976556,-0.004820645,-0.0016244091,0.004053276,0.008475016,-0.003993664,-0.0034229457,0.0048329197,0.0017876662,0.0041464046,0.013650075,0.0055420306,-0.008578576,0.0040506218,-0.005549862,-0.0076171905,-0.008341756,-0.008114841,0.004666658,0.00096113235,-0.0026690708,0.0017155013,0.00069573754,-0.00023308396,-0.017444618
-0.0013128482,0.0012598634,0.004445888,0.00021903403,0.00018076599,-0.003350703,-0.0023776293,-0.004424285,0.0008902382,0.0049225474,0.0017709006,0.00053167343,-0.0019858219,-7.681176e-05,-0.001680851,0.0011108033,0.0019296911,-0.0016556345,0.0075816344,-0.0002904858,-0.00074077025,0.00425834,-0.0006204322,0.0025048181,-0.003430169,-0.0034083398,0.0014183824,0.0024936674,-0.005127687,-0.005008634
-0.006554708,-0.004271105,0.003062375,0.00020103902,0.001673501,-0.0055719633,0.0016732961,0.004471028,0.0042088144,0.0055057835,0.0026295483,0.0063950308,-0.0050314274,0.005961694,-0.007129832,0.0009597703,-0.0041796286,0.0045183264,0.0083784945,0.0018181696,0.00062083825,0.0026356746,-0.015788058,0.00764676,-0.01536341,-0.0043039173,6.554369e-05,0.0022099474,0.0013608225,0.0026599765
0.0017387122,-0.006396357,0.00034791417,0.0034776786,0.007739229,-0.005355498,-0.0022927187,-0.0028966703,0.00031891465,0.007891817,0.0048533566,-0.0114453025,-0.00015691668,0.0013718978,-0.0026519913,0.014544884,0.004517453,0.0009195022,-0.002139952,-0.0008014892,0.0025078394,-0.00659319,0.011743512,0.0072101913,0.0009996071,0.0069586877,-0.0027371878,0.006505257,0.003845675,-0.010694563
-0.0007420406,0.004615385,-0.0033519752,-0.0004801359,0.0039102808,0.0063031223,-0.0012244917,-0.006281413,-0.002256589,0.0028347624,-0.009038851,-0.006772537,0.010551214,-0.012026109,-0.0006129034,0.0022700531,0.0025299918,-0.010122318,0.0027920138,-0.004647241,0.00047567487,-0.00427885,0.006478481,0.0006891843,0.0027141608,-0.002854094,0.001944616,0.0010588247,0.0013494156,-0.014703587
-0.0073589347,-0.0035193823,0.0022855904,0.0013546376,0.0019221641,-0.0042611565,0.0015836023,0.0010943003,0.0050586415,0.002988792,0.0077247284,0.0043056086,-0.0068245605,0.0022382066,8.317456e-05,0.0028172159,0.00024220534,0.00530117,0.0028874874,-0.0005608597,0.0025149137,0.0065660253,-0.0023140162,0.0034149643,-0.003033176,-0.0018325532,0.00036805822,-0.00032109523,0.0015948266,0.0041779764
-0.009652462,-0.0033116117,0.0027952995,0.0032588793,-0.004983235,-0.0065509435,0.009639408,0.006089283,0.0018077157,0.0021527233,0.008438412,0.010302629,-0.009574488,0.007992286,-0.0064191055,-0.0031428863,-0.007168716,0.007751234,0.0058396533,-0.0014685343,0.0069442745,0.00878365,-0.008681286,0.006053731,-0.013654847,-0.0027445555,0.0006369031,0.0004279516,0.0017470457,0.008124515
-0.009241313,-0.002346009,0.003003629,0.0029272055,0.0013432633,-0.004537359,0.004299205,0.0042262822,0.0017429553,0.0017988533,0.002009116,0.0067506507,-0.0023025237,0.003905397,-0.0048139747,0.0014310372,-0.004139606,0.0064640306,0.0075663356,-0.0002899347,0.0027109012,0.002170274,-0.0058738105,0.004698379,-0.0067769587,-0.003503129,0.0009095757,0.0012772636,0.0021620113,0.0041580573
0.00097389147,-0.006035734,0.005204756,-0.0042988546,0.00033506006,-0.0008802805,0.0027386323,-0.002562385,0.0036096927,0.0059850607,0.004886929,0.002397541,-0.00024327263,0.0073016435,-0.0002350565,0.0051793563,0.0009171311,-0.0036253743,0.004031418,-0.003897658,0.0025934912,0.0024205893,-0.0094462335,0.0051970016,-0.008210782,-0.0021971809,0.0026133168,0.00045731207,-0.004689507,-0.008466054
-0.0022153333,0.006642841,0.004069398,0.0041326424,-0.003457358,0.0012081861,-0.0025867522,0.003710596,0.0038781539,0.0038674586,0.004294565,0.00438492,-0.0050602388,0.004692957,-0.004895553,0.00021766964,-0.002965916,0.010601308,0.0074582314,-0.002679842,-0.0024731606,-0.002577357,-0.011691015,0.0038336106,-0.0031605214,0.003467653,0.0032292143,0.007060403,-0.0014558993,-0.0020304173
-0.004756298,-0.0069050677,0.004907742,0.0007313732,0.00068950094,-0.0013884325,0.0032299943,0.0014304444,0.0046644583,0.004627943,0.002989525,0.0036820509,-0.0027544461,0.0051453635,-0.00017985329,0.0043969885,-0.0007256195,0.00071696937,0.004406046,-0.0033869836,0.002179373,0.0014065988,-0.005926948,0.0049847625,-0.00458676,-0.002341397,0.0007773307,-0.0005660177,0.0012165606,-0.0037616454
-0.0005371198,0.0010179579,-0.0013309307,0.0017021298,0.009945881,0.001095349,-0.004864622,-0.0008273609,-0.0015836544,-0.00346197,-0.006274972,-0.0061476603,0.0054241456,-0.0051848404,0.0025715865,0.006348887,0.005364636,-0.00020666793,-0.0038059838,-0.002581349,-0.009146433,-0.00768093,0.0058357716,0.0026727933,0.013499912,0.0024029259,0.00020509586,0.0010318679,0.0051061464,-0.0025351867
-0.005393509,-0.0070095025,0.004036898,0.0003057681,0.00055219606,-0.0041309427,0.00540857,0.002582714,0.0026803017,0.0042420523,0.0055874065,0.004642699,-0.0034087338,0.009502292,-0.0022429507,0.002320136,-0.0011623651,0.0038217008,0.001000423,-0.0033367947,0.0024887212,0.0035751872,-0.0091938265,0.0073070694,-0.0073922947,-0.00035514776,-0.00035279943,0.0020780996,0.000114735216,0.003479898
-0.0056004934,-0.0046868697,0.004334457,-0.0007944871,0.003706785,-0.0013900474,0.0016045123,0.0022872798,0.0018758513,0.0041572107,0.00093899854,0.0027600676,0.000114016235,0.005104821,-0.0018032864,0.005378001,-0.00019992702,0.0016784333,0.003942944,-0.0026256721,-0.0013462119,-0.0010535065,-0.008011583,0.00576403,-0.004481148,-0.0019492833,0.0005641398,0.0021035974,0.0008309316,-0.001310356
0.010365739,0.005803179,-0.00082634203,-0.005499102,0.002143206,-0.0033738967,-0.0014230981,-0.0073470585,-0.0040519945,0.0010926686,0.0043502003,-0.002035983,0.0040406547,0.004510451,-0.0016338788,-0.0019279426,0.0036906619,-0.007367626,-0.0014594272,-0.0013649187,-0.0012271851,0.0036255177,-0.0023393817,0.001289783,-0.004565086,0.0023788847,0.0031274552,0.003812499,-0.011034183,-0.0037244856
-0.010817729,-0.009222819,0.008434208,-0.0034064017,-0.00017714314,-0.0028691124,0.0058553107,0.00064337254,0.00980222,0.0072765127,0.00046695024,0.008168858,0.0008304529,0.0015129521,-0.0010901131,0.0071147964,0.0011397768,-1.5992671e-05,0.008641591,-0.0039190636,0.0016157739,0.0032361243,-0.0073872246,0.0019535925,-0.008705478,-0.010321919,-0.0022126534,-0.00015346392,0.0033713486,-0.004671827
-0.00011848286,0.0036521144,0.0034724325,-0.0033221543,0.0025645606,0.0010036174,-0.0012939572,-0.003681548,0.0016146954,0.0020609573,-0.0021087155,-0.0024715513,0.0039774403,-0.0023602955,0.0027926024,-0.0001843893,0.003788123,-0.0023738146,0.0046529435,0.0012322546,-0.00041648746,-0.004598271,-0.0048999637,0.0023048911,-0.00081392005,-0.000403787,0.0039236764,0.0002764467,-0.00738802,-0.0103419535
0.0036405958,0.010461755,-0.003672529,0.0058432026,0.00204782,-0.0044483524,-0.003648173,0.0012510717,-0.00092740357,-0.006098412,0.00078987144,-0.0003847927,0.0032287985,-0.0050382465,-0.002971664,-0.0029925061,-0.00044120848,0.001548335,0.0032714624,0.0008854775,-0.0024853684,-0.0028181393,0.00616977,-0.0032211598,0.0064116158,-0.0022405647,-0.0008460232,-0.00023760204,0.00034674816,0.002132725
-0.0072304085,-0.0046696924,0.0032859128,0.0012695258,0.002236344,-0.0024998542,0.002571091,0.00094596297,0.004653156,0.0013171881,-0.00086541846,0.0037439764,-0.00010115281,-0.00014331937,-0.00089029595,0.0044531156,0.00081636943,0.0022432879,0.004014684,-0.0023767517,0.00022921339,0.00060704164,-0.0009226613,0.0029068422,-0.00035734102,-0.004039813,-0.0011190996,-0.000290466,0.0048578,-0.00012834743
-0.003197413,-0.006012846,0.0042370483,2.8235838e-05,0.001254892,-0.004031118,0.0028917417,0.0005332418,0.0015060958,0.0044422224,0.0043817423,0.0017214045,-0.0022863299,0.008529045,-0.0012716297,0.002456488,0.0011207443,0.0024341717,-0.00086821057,-0.003559951,-0.00021030754,0.002743831,-0.007834252,0.0074251313,-0.0047020093,0.00043146499,-0.0009598443,0.0031996,-0.0014632363,0.0023511723
-0.013723239,0.010527216,0.00077139214,0.004714282,0.0021572504,4.2013824e-05,-0.0031096376,0.0035101734,-0.007210793,-0.005994322,-0.0074658394,0.0024715662,-0.0007285699,-0.0027042553,-0.002074169,-2.1388056e-05,-0.0034969766,0.011061806,0.0014599338,-0.00077518565,-0.00033943728,-0.0067739636,0.0036843643,-0.00018827617,0.0098156445,0.003031971,-0.0018728562,0.0032388084,0.007434753,0.007453207
-0.0038230568,-0.00070554763,0.0018499941,0.00026557595,0.0042971205,-0.0006956626,-0.0011690296,0.0031245202,8.432008e-05,-0.0003635455,-0.0009227842,-4.5895576e-06,0.0009772666,0.0013811179,-0.0015648194,0.004251041,-0.00016227365,0.002095256,0.0021814369,-0.0022643842,-0.003832981,-0.003496131,-0.005022291,0.0034727585,-0.00040981174,-0.0010490334,-0.00041439943,0.001543966,0.002911061,-0.00072107837
-0.00180424,0.0157516,-0.005849844,-0.00081771985,-0.002432162,-0.0046245568,-0.0030024499,-0.000240881,-0.005349461,-0.008021085,0.008067494,0.00070936605,-0.0090574715,-0.004611306,-0.0056322133,-0.0073209614,-0.0013711732,0.004635498,0.0028492399,0.0021738473,0.001613237,0.009352326,0.005255416,-0.0038045496,-0.0025564246,0.002340164,-0.0007765023,0.0034459704,0.0007561147,0.009316344
0.005844366,-0.001240436,0.0022593774,-0.0037870593,-0.0018880311,-0.0069989916,0.0046423785,-0.009442657,0.0037156101,0.004077603,0.013233976,-0.003875222,-0.0028140806,0.007851571,-0.002734799,-0.008020572,-0.00084656663,-0.0054044276,-0.00011903979,-0.002792519,0.004690703,0.0022815317,0.0030583888,0.0013519786,-0.009478897,0.005690798,-0.0009777099,0.006759736,-0.008602198,-0.00056234375
0.00068543106,-0.0061806142,0.0034370814,-0.0043629743,0.0025679655,7.805973e-05,-0.0030403472,-0.0023894198,0.005296831,0.0038103163,0.0085959155,-0.0018881634,-0.0039348044,0.005081266,0.004044896,0.0060485755,0.0069876146,-0.0027442984,-0.005100826,-0.0047456725,-0.0016806237,0.0043245647,-0.0047148988,0.0038109776,0.0022331849,0.0018934514,-0.0024637245,0.00029221305,0.00079263933,-0.001437489
-0.008143652,-0.0017185733,0.0025322195,0.00394437,0.0036256704,-0.0012638755,0.000726942,0.0030876454,0.0026849192,0.00029721856,-0.002378177,0.0033277348,-0.0003601052,-0.002107609,-0.0016714875,0.004259845,-0.0020703431,0.00384932,0.007739203,-0.00071586727,-0.0002910681,-0.002131153,-0.00015694648,0.0025594067,0.0008359067,-0.003828681,0.001328669,-0.0010417217,0.0050964216,-0.0019104406
-0.0048822016,-0.0033284277,0.0035503972,-0.0018129777,0.004758613,-0.0024728216,0.0026309974,-0.0021264888,0.0021639168,0.0038250312,-0.00071428344,0.0011716485,0.002917923,0.0024532937,0.000435438,0.0032374244,0.004062483,0.0012186952,0.00091294013,-0.0011630582,-0.0009381324,-0.0006838292,-0.0039605536,0.00601805,-0.000391528,-0.0003886437,0.0012136367,0.0026381263,-0.0020562727,-0.0005559586
-0.0038930587,0.00019246712,0.0003748443,0.0044665,-0.0011666305,-0.0056952275,0.004529871,0.0008815937,0.0016158074,-0.0010456182,0.0040056556,0.0053233057,-0.0035187528,0.0019923449,-0.0032770038,-0.0025641674,-0.003342798,0.0043950155,0.004868852,-0.00017756992,0.0052606016,0.0053423233,0.00058349967,0.002202062,-0.0038421415,-0.0016684495,0.0014877501,-0.0007776938,0.0005168095,0.003523279
-0.009568654,-0.0031479038,0.0046293167,0.0019731028,0.0008601472,-0.0013653785,0.0028670058,0.0044964403,0.004096767,0.0019417722,0.00025756657,0.0040097497,-0.0021740198,0.0016620457,-0.0011732467,0.002176295,-0.0025088508,0.005501993,0.007189501,-0.00046168722,0.0019261688,-0.0018028785,-0.00770982,0.004494766,-0.004590612,-0.0032374617,0.00065108715,-0.00052033295,0.0022239313,-0.0014815368
-0.00028523058,-0.00848183,0.0016004238,0.00197508,0.00035473146,-0.002899453,0.0059329346,-0.0012632161,0.0050716996,0.00023574941,0.005912503,-0.00064446405,-0.0034657866,0.004918944,0.00034683384,0.0027428973,0.0004427284,0.0014105067,-0.004908411,-0.0042006597,0.0043158755,0.0032191332,-0.0013449341,0.0069726277,-0.0008893907,0.00043016393,-0.00046382286,-0.0006269845,0.002283048,-0.00023659319
0.012255214,0.008775458,-0.00031365082,-0.0028522369,0.0020509344,0.0021991674,-0.0065305308,-0.010960653,8.5575506e-05,-5.9610233e-05,-0.0023801904,-0.004238311,0.005706474,-0.008492872,0.003053354,0.0007169754,0.0043221507,-0.013984937,0.007275941,-9.48566e-05,-0.00084041804,-0.00077853724,0.009246893,-0.0056683496,0.0039006323,-0.0022522667,0.0065470743,-0.0032520983,-0.008608423,-0.020008251
0.0033188164,-0.010489287,0.002597751,-0.0010836963,0.0040453654,-0.0029537603,-0.0036257803,0.005204333,0.0010484848,0.0067632953,0.002819579,1.0430813e-06,-0.0017546043,0.009611931,-0.0028747544,0.008444246,0.0010472629,-0.00070071965,-0.00029761903,-0.004991167,-0.004960917,0.0015160684,-0.0071080327,0.007532522,-0.010111567,0.002855597,-0.0034487634,0.001220725,0.0011266619,-0.0070448555
0.00077300146,0.00022825599,-3.8176775e-05,0.0008167047,0.0080772005,0.0005392581,-0.006360363,-0.0037915409,0.0031968001,-0.0004287921,-0.00038895383,-0.0046186596,0.0013464317,-0.0062516443,0.0059092604,0.006613783,0.006221505,-0.0018358827,-0.0020767227,-0.0013858891,-0.0055256933,-0.002366051,0.006761655,-9.01781e-05,0.011392545,0.00023504533,0.0014335881,-0.0022312002,0.001691848,-0.0054951534
0.0041017123,0.00039683655,-0.00026315078,-0.00064879283,0.0032761618,-0.002089152,-0.00047325715,-0.0035209693,-0.0006315112,-0.00033320673,0.0018872526,-0.002296038,0.0015357733,0.0019859746,0.0009034574,0.0011395887,0.0034526307,-0.0027556457,-0.0029562619,-0.0027788721,-0.0018357076,0.0007802192,0.0010603592,0.0027177203,0.002478812,0.0023719948,0.0011847862,0.0011322665,-0.0024117287,-0.0022722557
0.0046662763,-0.006673839,0.00081511214,0.0012078015,0.0013851058,-0.0009363573,0.0014646538,-0.0035973787,0.003584018,0.00049225986,0.0041588396,-0.0037644021,-0.0022517666,0.0038540736,0.0054144952,0.0026065875,0.0052967574,-0.003238473,-0.008192375,-0.006119726,-0.00015785173,0.0016960669,0.002876617,0.0043219626,0.006537985,0.0044248737,-0.00048224535,-0.0017631366,0.0009790678,-0.0041516945
0.008507617,0.0075245127,0.0018008631,0.0040676063,-0.0012370944,-0.0040721893,-0.006947167,-0.012121785,0.00010488182,0.00036094338,-0.0016983189,-0.0049245916,0.0005663559,-0.008047782,0.0022100694,-0.0033395705,0.004306363,-0.0070491284,0.005193701,0.0006958456,-0.0012450293,0.003450418,0.013885152,-0.0027417988,0.0076964013,-0.0018361332,0.0028646593,-0.00085775927,-0.008245476,-0.011396263
0.0013346896,0.003088601,-0.0011672173,-0.00033053197,-0.003097197,-0.003371844,0.000728637,2.2180378e-05,0.0008899681,-0.0024934746,0.008633947,0.00087038055,-0.0072512403,0.0018658452,-0.0018287152,-0.0030432316,-0.000634579,0.00056039914,0.0009618569,-0.0017984041,0.0027794018,0.0072430447,-0.001013428,0.00016503967,-0.004908476,0.0007935064,-0.000577766,7.401133e-05,-0.00019822642,0.0014885217
0.0022838078,0.0045102052,0.00024083257,-0.006549742,0.002729101,-4.8484653e-05,-0.0016744472,0.0018118247,-0.0007736366,0.002874895,0.013141106,-0.005753815,-0.006215101,0.0017471649,0.002514666,0.0012443317,0.0028534848,-0.0011571683,-0.0030136257,-0.0050058365,-0.0073600784,0.0050721876,-0.0066977926,0.00025916658,-0.0038089082,0.0028647147,0.0018931446,0.0035518953,-0.004287664,-0.007061675
0.006217759,0.009764709,-0.0034139622,0.0025283992,0.005409114,0.00078150444,-0.006666813,-0.006403815,-0.00165103,-0.005713092,-0.0060346536,-0.0048752055,0.0056901313,-0.012340993,0.0019517597,0.00078815594,0.0032395218,-0.0062118247,0.0043621827,0.0007452201,-0.0038598739,-0.0037501212,0.014273286,-0.004926726,0.011774752,-0.0009274371,0.004348323,-0.0029496944,-0.00047180802,-0.0108226985
0.0054120384,-0.0034874044,0.0019426476,-0.0028503835,0.004438171,0.0010559727,-0.00201533,-0.00437019,0.0013055522,0.002502732,0.0009973478,-0.004577771,0.0022908114,0.0027629398,0.003922859,0.005274203,0.005994318,-0.0063800327,-0.004306026,-0.0050247437,-0.0040183365,-0.001835987,-0.0008145608,0.0036661588,0.0040664934,0.002554899,0.00090933265,0.00058090466,-0.002133051,-0.008269802
-0.00023869798,-0.00525761,0.004740054,-0.00062266923,0.003039455,0.0028174687,-0.0016733482,-0.0019701496,0.0051118024,0.0043078763,-0.0011924673,-0.0009388253,0.0005855933,-0.00062198564,0.0035705194,0.0075430744,0.0026552062,-0.0054945536,0.0046255756,-0.004058274,-0.0014704429,-0.0029671453,-0.0008168593,0.0021231584,0.0020822845,-0.0025533438,0.0020227893,-0.0025391239,0.001125034,-0.013417639
-0.0012991391,0.002974186,-0.0010175016,0.0036050081,0.001247339,-0.004884517,0.002466675,-0.0018859878,3.2491982e-05,-0.0022196528,0.0015619416,0.0020935237,-0.00039441139,-0.0009991787,-0.0015812851,-0.0028328416,-0.00038898736,0.0026064962,0.002617864,0.00059571955,0.0028740838,0.003175754,0.0040275827,0.0016149748,0.00095988065,7.780362e-05,0.002442772,-0.00027263106,-0.001261022,0.0019058734
0.012409069,-0.0068399124,0.0051229373,-0.005259782,-0.008439224,-0.0041179657,-0.0004178658,-0.015966069,0.0042066704,0.003603355,0.0027708802,-0.0006527826,-0.00413239,0.0033700205,0.002678588,-0.0020845686,0.0032917093,-0.0113157,-0.0075052306,-0.0075640464,-8.1300735e-05,0.012253898,0.0065988377,-0.0029740073,0.0001427494,-0.002665014,-0.0014307788,-0.0031173485,-0.0030048173,-0.010359414
0.00011711568,-0.000565134,-0.00029660575,-0.0027722083,0.0025265813,-0.0017749723,0.00043037906,-0.0032845289,0.0024531633,0.00139945,0.001805108,-0.0031741224,0.0008359216,0.0008568615,0.0043109357,-0.0020769048,0.003922155,-0.0038632005,-0.0036999136,-0.0020675506,0.0014943518,0.00048722327,-0.0035105236,0.0023108255,0.0043886825,0.0059554074,0.001758046,-0.00072272564,-0.0018019006,-0.0070873797
0.0017657503,0.0033614188,0.002717197,0.0018653814,0.0068521034,0.00085192546,-0.007308636,-0.0041700415,0.0012599789,0.00011373684,-0.0056732185,-0.0019582883,0.007308334,-0.005013548,0.0051075537,0.005644453,0.0021800157,-0.0027110092,0.0020619482,-0.00043412752,-0.003346596,-0.007803187,0.003252983,-0.0022189077,0.0090263,-0.0023534186,0.0030237813,-0.0032508518,-0.002753934,-0.009965111
0.009383753,0.008186061,-0.0060191453,-0.0062430687,0.008435955,0.000388233,-0.007864099,-0.008735862,-0.0050501376,-0.003781749,0.0031771418,-0.01120374,0.0008161925,-0.0050487407,0.0034419633,0.0021309117,0.012127252,-0.006945912,-0.010501355,-0.00250367,-0.009988364,0.0022258647,0.010114025,0.0005095806,0.012242485,0.008240985,0.0004405654,0.0048588216,-0.0021769386,-0.0010173433
-0.00589595,-0.0014675669,1.4839694e-05,0.0056990245,0.0059089176,-0.008318909,-0.0060864612,0.005835289,-0.0032523647,0.0034991922,-0.0049912184,0.0042121448,0.00024075806,0.00062186643,-0.010339154,0.0040944354,-0.004052598,0.0043110885,0.007995638,-0.00024702586,-0.0062171966,0.00037108734,0.0011107214,0.0050910357,-0.0066314153,-0.002268481,-0.003098417,0.0021564062,0.004563963,-0.0016772524
-0.0042594,-0.0019425862,0.002151763,-0.002675414,0.004115017,-0.0045312643,0.0024355687,0.00049566105,-0.0004442837,0.0019707773,0.0014207438,0.0027446412,0.002310671,0.005643368,-0.0037105102,0.0027928478,0.0017215703,0.0024781525,-0.000108791515,-0.0020196955,-0.0023254193,0.0013412219,-0.007142924,0.0055140406,-0.004867539,-0.0009173909,-0.0012086332,0.0049207383,-0.00059182197,0.005601324
-0.009465657,-0.0040522926,0.0017771535,0.008904208,-0.0007787924,-0.0031454843,0.004376024,0.003663687,0.0060031647,-0.0015997067,0.0005634427,0.005625002,-0.00558641,-0.0027950592,-0.0005396791,0.0009889468,-0.0041958094,0.0065665245,0.007541552,-0.00095859007,0.005498072,0.0021621604,0.0048567913,0.0016801972,0.0021767057,-0.003829727,0.0008900403,-0.004848491,0.008123604,1.6398728e-05
0.008846842,0.0032143258,-0.00033561513,-0.0034467,0.00731867,0.0027660318,-0.006788153,-0.007042676,-0.0014328249,-0.0002976209,-0.0036888272,-0.0077031255,0.006833706,-0.004097685,0.0041728653,0.0053795953,0.007456338,-0.009706769,-0.002375789,-0.0031632623,-0.0075887926,-0.0052856803,0.0049343854,-4.284084e-05,0.009081606,0.0020283107,0.0026541525,0.00038949598,-0.0032870844,-0.012519833
0.014219016,-0.008191662,0.0008734744,-0.006698737,0.0023024268,0.0003415607,-0.003227219,-0.009518057,0.0027745683,0.0023507169,0.00430597,-0.002985809,-0.0023731664,0.01110542,0.007428447,0.008494984,0.008487964,-0.012877576,-0.01017306,-0.006210965,-0.0035694279,-0.0021869857,-0.0059507713,0.004116701,-0.00030845404,0.008578429,0.0027668332,0.0023977188,-0.0076580644,-0.011568934
-0.004026208,-0.002957467,0.0027671214,-0.001430029,0.008122705,0.000507066,-0.0020115562,0.0014239587,-0.00022584014,0.0022041174,-0.0030908193,-0.0016744472,0.0038450174,0.0017891601,-0.00010008551,0.0077629364,0.0029971916,0.0004902147,0.00030248426,-0.0029859117,-0.0068631954,-0.005677242,-0.004871439,0.005602915,0.002658248,-3.817957e-05,0.00018278277,0.0030831534,0.0023645563,-0.0021694265
0.00664787,-0.004351765,-0.0005776789,0.001274989,-0.0035651568,-0.006608232,0.006213039,-0.0039637573,0.0019414742,0.0003223177,0.011379687,0.0006375946,-0.0053454693,0.010104615,0.0012335628,-0.0044774916,0.002288105,-0.000778012,-0.008695982,-0.0047761775,0.005810518,0.009656841,-0.00031473488,0.0048109647,-0.002389513,0.0052298047,-0.0005382793,8.9823676e-05,-0.004401069,0.004089184
-0.003782764,-0.008655995,0.005366659,-0.0008505415,0.0017921403,-0.00078988075,0.0029094964,0.0012117289,0.0043699257,0.0056508025,0.0033258833,0.0021917596,-0.002109129,0.0072489604,0.00072350726,0.0058028954,0.000968365,-0.000102911144,0.0013605896,-0.0046339314,0.00041305646,0.0005233567,-0.007991586,0.006520236,-0.0041084327,-0.000906229,6.1674975e-05,0.00056799816,0.0008077491,-0.003679186
-0.009938329,-0.008633444,0.004618234,9.5052645e-05,0.009716168,0.0019956753,-0.0010530688,0.0059809256,0.004838395,0.0029575648,-0.0062371157,0.0014670491,0.00262684,-0.0017096214,0.0043893363,0.012271725,0.0020221788,0.0017896332,0.0068677124,-0.0026019614,-0.004297655,-0.01029522,-0.0033754855,0.003145147,0.0030312613,-0.0043573156,0.0015820996,-0.0007284619,0.0099865785,-0.010103539
-0.008121647,2.8822571e-05,0.002908364,-0.0013254024,0.007055739,-0.002536308,0.00010986626,0.0038873274,-0.0021111201,0.0024716398,-0.0019711163,0.0031596124,0.0034857467,0.0036671273,-0.005340118,0.0051022614,-0.001137279,0.004562538,0.0056754164,-0.00026339176,-0.004547961,-0.003285231,-0.009251624,0.0058920775,-0.005032342,-0.0024359003,0.0008235709,0.0052593825,0.0006160382,0.0035482198
0.010704204,0.0006570369,-0.00028863735,-0.006604301,0.00991069,0.0027943533,-0.0069991574,-0.0071354583,-0.0033743419,0.00091932155,-0.0025388878,-0.010624539,0.008376773,0.0010321736,0.0049844217,0.007128631,0.010745572,-0.009980228,-0.009871114,-0.0053042956,-0.01146644,-0.0065330863,0.00034466386,0.0036094096,0.0096992515,0.0057999175,0.00086503895,0.0038402544,-0.004467299,-0.009115916
-0.004087545,-0.002104465,0.0034685563,0.0023840172,0.0014769007,-0.0001505129,0.00038082898,0.00018287078,0.004212629,0.0020806622,-0.0008123182,0.0029360242,-0.00086155534,-0.0018989928,-3.995374e-05,0.0040157945,-0.0012804829,-0.00076464936,0.008795873,-0.0014101971,0.0015908144,-0.00055966154,0.00032721087,0.0011068638,-0.0007358752,-0.0043545226,0.002469299,-0.002605403,0.0020517772,-0.007872421
-0.002708394,-0.0033074096,0.0029417071,0.0035162736,-0.0002639033,-0.001360178,0.0027831197,-0.0021046326,0.00555255,0.0019282252,0.0012087394,0.0024331585,-0.0024012886,-0.001337748,0.002208678,0.0012396607,0.00024724752,-0.000462953,0.005562054,-0.0014124559,0.00460683,0.0019143913,0.003068786,0.0018538292,0.001192309,-0.0021536862,0.0028861468,-0.0037414925,0.00043306313,-0.0071279854
0.010240376,0.0076660663,-0.003850622,0.004841539,0.00275369,-0.0074315704,-0.0025352947,-0.0010886602,-0.0006250646,-0.0016660504,0.006809678,-0.00036256015,0.0048825145,0.0027116984,-0.0030688774,-0.0022059132,0.0033120234,-0.0016574077,-0.0030674487,-0.0018299377,-0.0035645105,-0.00015112013,0.00527554,-0.0008046478,0.0071336143,-0.00035878457,-0.0028241463,0.0028183637,-0.003994759,0.0060870014
0.013233505,0.00063179433,-0.0024805963,0.00031383336,-0.0010128133,-0.0014452841,-0.00094815344,-0.005096834,0.004174378,-0.0011916105,0.0042252317,-0.0003716275,-0.00011172891,0.0075859837,0.0015949942,-0.0030804942,0.0038691964,-0.009049207,-0.0077013057,-0.002830221,0.0054716263,0.006511636,-0.0006671995,0.0022100583,0.003321439,0.0067458637,0.004170722,-0.001806552,-0.003943296,0.00038094074
0.0018720962,-0.011014547,0.0036185086,-0.0005203299,-0.0007683877,-0.0024000593,0.0050587878,-0.0014858358,0.0048380457,0.004498101,0.008177193,-0.0001231432,-0.004785044,0.010917606,0.0035083443,0.0027737399,0.0034880582,-0.001413744,-0.0073262565,-0.0069738245,0.00248814,0.004581988,-0.005512364,0.0075317286,-0.0017816983,0.0037138127,-0.0012331735,-8.257828e-05,-0.000672264,-0.0012987107
0.0049307942,0.001086615,0.0022814628,-0.0063219815,0.0074448586,0.001481954,-0.0046526752,-0.0042300187,-0.0021980982,0.003572167,-0.0017321762,-0.0042475834,0.006714195,0.0022253096,0.00066697225,0.0064357636,0.005567191,-0.0073083676,-0.00019071996,-0.0029988457,-0.0074277334,-0.004456166,-0.005016897,0.003300937,0.00027264655,0.0007702373,0.0021562264,0.003914766,-0.005356038,-0.008640457
-0.0072355717,-0.0022840276,0.00067822076,0.003662685,-0.000107862055,-0.006539697,0.0056369975,0.0054985024,7.4138865e-05,-0.0014265645,0.0051880553,0.005546853,-0.0042666085,0.006961234,-0.0048769554,-0.0015989519,-0.0039222073,0.009131953,0.0010496806,-0.0013315898,0.0026856177,0.0038482845,-0.0065524653,0.0056620147,-0.006036695,-0.00012615975,-0.0013358155,0.0021575843,0.0028812233,0.01050074
-0.007494252,0.00044824183,0.0012877677,0.0028132806,-0.0027859844,-0.0061119962,0.0051505603,0.0038630012,0.0017923005,-2.5643036e-05,0.006958194,0.007660527,-0.006915128,0.004042752,-0.005856348,-0.0027429215,-0.005380124,0.0067760684,0.007718146,0.00030319043,0.0060383137,0.0075047314,-0.004826084,0.002722865,-0.010141805,-0.0029948587,0.0004373775,0.00071695744,0.0011738483,0.0064112805
0.005503867,0.011214666,-0.003384851,-0.006145954,0.006239917,-0.0044889767,-0.003324546,-0.0029479899,-0.0039297678,-0.004146144,0.00041138008,0.000979837,0.0062486604,0.0020496473,-0.0051238043,-0.0020340495,0.0060260277,-0.0023413636,-0.0005821362,-0.0006931863,-0.0030240305,-0.0025216322,-0.00043324754,-0.0027750675,-0.0059081614,0.0016134139,0.0028049084,0.007996724,-0.0036824811,0.00042405352
-0.0017571524,0.0010712519,0.0021078456,0.00072842464,0.0002538655,-0.0017331187,0.0004758127,0.0005778484,0.0016263556,0.00033764914,0.0014322698,0.0023629628,-0.0008111149,0.0005679801,-0.0017372333,0.00070242165,-0.0017294083,0.00010746345,0.0063187275,-0.0008695645,0.0014605336,0.00053592585,-0.0031386055,0.00115983,-0.0041057207,-0.0026996313,0.001631387,-0.0006169857,-0.0007754266,-0.0039909184
-0.007184148,-0.005338572,0.0041590985,0.001100189,0.0020375866,-0.0028030146,0.003717903,0.002829466,0.0028485432,0.0037015956,0.0022517294,0.0044713654,-0.0018526576,0.005415354,-0.0021311864,0.0035706088,-0.0014439635,0.0037970282,0.0044188444,-0.0021460722,0.0013473593,0.0010025203,-0.007012997,0.0059500635,-0.005143609,-0.0020772852,0.0005644704,0.0012372741,0.0014654892,0.0008782856
0.003918238,0.007124312,0.00024044141,-0.0046326853,0.0053239837,-0.00028067082,-0.0051016547,-0.0017089993,-0.004289953,-0.00056378543,-0.0016336534,-0.002325695,0.0058985874,-0.00013561547,-0.0029885639,0.0023702555,0.0015006494,-0.0042428933,0.0036119148,-0.00051612244,-0.0060878657,-0.0036723744,-0.0050052702,0.0004011914,-0.0029170364,-0.000953068,0.0019576992,0.0037818095,-0.0049039926,-0.005001869
-0.0066598393,0.011935238,8.8123605e-05,-0.0012413375,0.0046736803,-0.004008459,-0.0036643632,-0.0013010241,-0.0072506517,-0.004042886,-0.005962901,0.0025990605,0.006238859,-0.0016280264,-0.004350055,-0.00044282526,-7.458031e-06,0.005633559,0.00080224685,0.0011802167,-0.0027976744,-0.003807541,-1.937896e-05,-0.00084452145,0.0027469136,-3.3220276e-05,-0.0015270305,0.0060144938,-0.00076885335,0.008503053
0.0014051497,0.0032139048,0.002992617,-0.00090795197,0.0041843895,0.003456246,-0.0041443147,-0.006696664,0.0020860974,0.0034116758,-0.002245238,-0.002131123,-6.642565e-05,-0.0017901361,0.006105678,0.0046077888,0.0054836962,-0.0039471425,-0.0029043183,-0.005171722,-0.0034959614,-0.00091518275,0.0097861625,0.00025774166,0.0074588656,0.0003946023,0.0038766754,-0.0027130833,-0.0009500049,-0.007967979
0.0063201636,0.0013003387,0.0002231691,-0.0011529233,0.002773784,-0.00027645566,-0.0021552704,-0.005453866,0.00046898425,0.00019299239,0.00077251904,-0.0031009018,0.0021917596,-0.0007550828,0.0023227464,0.0018845522,0.003971031,-0.0063125193,-0.000474805,-0.0027282492,-0.0015756041,6.889738e-05,0.0033121295,0.0005715359,0.0034462735,0.001067982,0.0024107066,-0.00066490844,-0.003350079,-0.0083406605
-0.006002862,-0.0038362592,0.0036164504,-0.00026669726,0.0023311637,-0.003666481,0.0035287477,0.0026901923,0.0010349099,0.0036237612,0.0030606762,0.0045212656,-0.0010419898,0.0070417523,-0.0035873577,0.00280794,-0.001543574,0.0036629476,0.0037117582,-0.0019042825,0.0006435476,0.0016251747,-0.008893371,0.006213026,-0.0072514303,-0.0015658345,0.00045595272,0.0029174616,-0.00030120835,0.002843812
-0.000907775,0.0056075715,0.00027325936,0.0019292543,0.00088705495,-0.003218783,1.5918165e-05,-0.001742743,-0.00010312162,-0.0008761883,3.089197e-05,0.0037063211,0.00091130286,-0.0030287951,-0.003573846,-0.0012164833,-0.0025778823,-0.00053465366,0.009929216,0.0015219331,0.0025314577,0.0021844339,0.0022973306,-0.0011805892,-0.003328964,-0.003969998,0.0038517588,-0.0007390223,-0.0024767779,-0.0037301555
0.010816939,-0.010319341,0.0031408537,-0.0073004905,0.0063829552,0.0035867542,-0.0029791929,-0.0065105557,0.001945395,0.0051646708,0.003492346,-0.009867825,0.0031018183,0.008027442,0.009104658,0.008361695,0.012536401,-0.011182949,-0.015485305,-0.009311737,-0.007815085,-0.002523765,-0.0038670562,0.006680321,0.007857483,0.0075602513,-0.0006098598,0.0013750087,-0.0039622504,-0.0103352
0.0017933473,-0.005224269,0.0039409976,-0.0043674354,0.005055221,0.00076443516,-0.0009851716,-0.0019879006,0.0011644866,0.005056574,0.001303874,-0.0023485161,0.0023983978,0.0060384646,0.0018186644,0.0068434277,0.0046700407,-0.00450762,-0.0021573137,-0.004899485,-0.0044206046,-0.0022780076,-0.0070820563,0.005817989,-0.0008838959,0.001247773,0.00055217976,0.0025990182,-0.0024108607,-0.0063339695
3.2134354e-05,-0.0039442517,0.0027396157,0.00075360015,0.0008876212,-0.00053014606,0.00083145127,0.00093921274,0.005410958,0.0030130884,0.0014860295,0.0038532168,-0.0009473972,0.006419331,-0.00085380673,0.0027601118,-0.00012534484,-0.0026225075,0.0022688098,-0.0023294303,0.0035373084,0.0021659583,-0.006715387,0.0043268725,-0.0024466626,0.00010137167,0.0028514783,-0.0008937522,0.00062020123,-0.0013244115
-0.0038089007,-0.0068063736,0.004036161,0.0015992932,-0.0019521397,-0.003849689,0.0057776794,0.0011230633,0.004571419,0.0039766636,0.006422844,0.0052355416,-0.0050360356,0.0076015815,-0.0011039004,0.0010345201,-0.001817828,0.0020521395,0.0029893946,-0.0032239812,0.0053824726,0.005334759,-0.0059147775,0.0052408315,-0.0071129836,-0.0013621263,0.0005381764,-0.00057587586,-0.00018245727,-9.6321106e-05
-0.014605045,-0.0022098795,0.0045044925,0.0045180814,0.0027786866,-0.0034626853,0.0033981912,0.0062656924,0.0030197725,0.0025958084,-0.00061374716,0.008433536,-0.0019975863,0.00096966326,-0.0053075813,0.0037036864,-0.0055337753,0.008389689,0.012651273,0.00044732308,0.0018934906,-0.00025115907,-0.006529797,0.004215274,-0.007335648,-0.005830791,0.0013930569,0.00038272404,0.004776852,0.0036128573
-0.013367504,-0.003025271,0.004743224,0.0049880585,-0.00085358694,-0.0059337383,0.006926086,0.003644323,0.0048486544,0.0023881188,0.002740346,0.009941038,-0.0030103736,0.0030979998,-0.004179992,-0.0015612913,-0.004311729,0.00974052,0.01036127,0.0023217148,0.008161128,0.0040868167,-0.0057128556,0.005108783,-0.006408777,-0.0046512894,0.0015723859,-0.00074373116,0.0013041953,0.0057471953
-0.009298794,0.0004005842,0.0023551136,0.00089726597,0.0012847837,-0.008556582,0.0070441626,0.0056477096,-0.0016668625,0.0025427435,0.0046403874,0.009368882,-0.0018382221,0.010421218,-0.0102603715,-0.0013143574,-0.005207194,0.009899888,0.006426098,0.001997295,0.0027349591,0.0051244926,-0.012691043,0.0064672064,-0.014835384,-0.0018331669,0.00012174435,0.0061348663,-0.0021007769,0.012369957
0.00080491975,-0.0029725395,0.003285244,-0.0032331254,0.003910726,-0.00061934814,-0.00021733716,-0.0015964359,0.0006651748,0.0040755672,0.0016368721,-0.00041662902,0.0018515922,0.005104769,1.1734664e-05,0.0047532567,0.0027057808,-0.003091693,0.0005584713,-0.003399072,-0.0025615431,-0.00074955076,-0.006243907,0.0047340076,-0.0027903393,9.7587705e-05,0.0011782651,0.0023823741,-0.0028556269,-0.0046591237
0.0015544407,-0.003444165,0.0007706266,0.0021623578,0.00017013215,-0.0027905032,0.0025439598,-0.0020849928,0.0027212761,0.0001362618,0.00412987,0.00010114908,-0.002574131,0.0030180216,0.0016971771,0.0004115575,0.0016616788,-0.00069022924,-0.0021403953,-0.003523287,0.0022183247,0.003313085,0.0017098486,0.0031530764,0.0016105957,0.0016062148,0.00061487174,-0.0013559947,0.00013031624,-0.0017500222
0.0043626428,0.0047617704,-0.0046844576,0.0023294324,0.0029834062,-0.0037458297,-0.0005581975,-0.0053604096,-0.0021045003,-0.008320047,-0.00039929897,-0.0013098232,0.003190145,-0.0049703605,0.002218455,0.0002770056,0.0034009833,0.0023081675,-0.00037659705,-0.0015928838,0.00036934763,0.0014107544,0.009198841,-0.00035256706,0.01145355,0.0029606018,0.0045849564,-0.003424134,-0.00014050491,-0.0026619658
-0.0021529868,-0.00093458965,0.000649469,0.0015550954,0.0009607356,-0.0040313285,0.0024540983,0.0017928332,0.00020970218,-0.0008750651,0.0036201794,0.0019312836,-0.0019078515,0.0044326186,-0.002264917,-0.00018834439,-0.0010256413,0.0033567809,-2.4266541e-05,-0.0020778442,0.00073764846,0.0021176059,-0.0037935413,0.003906334,-0.002904296,0.00051201414,-0.0003459137,0.001321729,0.000680238,0.0036740117
-0.011550363,-0.0041717403,0.0026137698,0.0033007814,-0.004007878,-0.008150401,0.003272023,0.0037375,-0.0028920472,0.0059857387,0.0015281551,0.0036282502,-0.0030837357,-0.0001295209,-0.0070247147,0.00025777565,-0.00062216446,0.002943825,0.007792142,-0.004915829,0.0007759556,0.006658623,-0.0047675595,0.009602604,-0.0118201,0.0016423576,0.0020578043,0.0049046827,-0.0026463997,0.005644046
0.0077488087,-0.0009107217,0.0018473845,-0.00080231205,-0.0013658274,-1.2654811e-05,-0.00038228557,-0.00680431,0.0037887376,0.0022016196,0.0036410354,-0.0011495948,-0.0008844882,0.00012503192,0.003506329,0.000887861,0.0028193425,-0.008752264,0.0022699833,-0.0033563026,0.0030798651,0.0033430792,0.0035007037,-0.00062434375,0.0001879409,-0.0005063657,0.0032753148,-0.003466512,-0.004775407,-0.013027791
-0.01290594,-0.0030298606,0.0027808435,0.0006397087,0.0032548793,-0.0037674736,0.0032654218,0.00570987,0.0015993882,0.0027573258,0.0039402395,0.005774323,-0.0052388906,0.0040223226,-0.0050593913,0.0037910976,-0.002070833,0.008337688,0.0061073806,-0.00065075385,-5.9444457e-05,0.0032916423,-0.007260129,0.006377442,-0.0064333603,-0.0022837976,-0.0006554583,0.0037775978,0.00487315,0.0077442303
-0.011020042,0.0018213391,0.0024187788,0.012687485,0.005882377,-0.01288476,-0.0019590482,0.0061443355,0.0070693595,-0.0023769364,0.004008485,0.011677198,0.002293989,-0.0013447516,1.1594966e-05,-0.0005317156,-0.009339472,0.018588502,0.006654322,0.008004624,0.0051739383,0.00030351058,-0.0054777935,-0.0024878308,-0.002581425,-0.010479918,0.0020864648,-0.007214059,-0.0027230792,0.014605533
0.0020695664,-0.006921895,0.0020380933,-0.0023763645,0.0037346017,-0.004209928,0.002057694,-0.0016359501,-0.00015169941,0.0039892243,0.005517531,-0.0020714626,-0.0008852966,0.011150995,0.00025770627,0.0026962315,0.004942378,0.00013228878,-0.009177618,-0.0050821686,-0.0033228025,0.0025501177,-0.008077174,0.009380998,-0.0019038916,0.0049326085,-0.0018334319,0.0049868794,-0.0026059728,0.004321944
-0.0055821873,0.0045074075,-0.001289947,0.008001512,-0.0014202539,-0.0045150407,0.0020229593,0.0026375502,0.0018247478,-0.0055091456,0.0002926085,0.0050449,-0.0035334378,-0.005457297,-0.0035077948,-0.0033229468,-0.0056375153,0.005777385,0.009232394,0.0015804542,0.004929779,0.0027103312,0.006184727,-0.0018532705,0.00023857504,-0.0040244497,0.0017232564,-0.0036952454,0.00471115,0.0015320182
-0.0027794503,0.004379954,-0.00015621819,-0.00020226464,0.005460318,-0.0037324466,-0.0005124435,0.0004951097,-0.0034004934,-0.0008326359,-0.000985872,0.0015777946,0.0035220273,0.00086192787,-0.004624824,0.0010377523,-0.00043317862,0.0025119372,0.003808571,0.0005823637,-0.0029800944,-0.00086258724,-0.0027567968,0.0029738415,-0.0021404922,-0.0008827718,0.0017361813,0.0039153583,-0.0015384592,0.003230501
-0.007918861,-0.007416906,0.0054614367,-0.0010169148,0.0035601314,0.0037880018,-0.00040883943,0.0025597177,0.005804155,0.009969503,0.0015234575,0.0010062605,0.00028544664,0.0043047965,0.0002160985,0.010927113,-0.0012386609,0.0019899085,0.0045442246,-0.006754902,-0.004508946,-0.0062904432,-0.008811232,0.0058509596,-0.005126018,-0.0019154428,0.0011597914,0.0020351382,0.0040324954,-0.0076007918
0.007526461,0.0012011528,0.0023410749,-0.0132454485,0.011483908,0.008077204,-0.0113569945,-0.010262154,0.000934707,0.0076429313,-0.0072310492,-0.010910932,0.0153512545,-0.004610762,0.004815515,0.015263677,0.013017969,-0.014281377,-0.0045804866,-0.0080011925,-0.017857585,-0.012632668,-0.0011605769,0.00010070577,0.006212745,-0.00019716471,-5.9238635e-05,0.006043492,-0.0026290119,-0.017675776
-0.01139003,-0.0036560558,0.00091178156,0.0069243535,-5.7669356e-05,-0.0066252444,0.006748706,0.0056593996,0.0026552025,-0.001312336,0.004064407,0.007082902,-0.006218735,0.0034428202,-0.0042101704,-0.000987788,-0.004602818,0.010955457,0.0037945192,-0.00056537276,0.004803112,0.004893543,-0.0013990887,0.0052745137,-0.0030416995,-0.001436214,-0.00066120224,4.4705812e-05,0.006308145,0.0103998445
-0.0021320507,-0.0036909133,0.0017134417,0.00046363473,0.00011268817,-0.0056430344,0.0052226037,0.0007676333,0.0006730743,0.0019793045,0.0065399166,0.003668297,-0.002889268,0.008923572,-0.0026956443,-0.00068174326,-0.000669539,0.0033854023,-0.0012087692,-0.0026092138,0.0028402582,0.0052543245,-0.0063939244,0.0061969217,-0.0063870586,0.0012740502,-6.319443e-05,0.0025390997,-0.0018570069,0.0056425408
-0.009767186,-0.0077522006,0.0038384628,-0.00053136423,0.0041209813,-0.0013946425,0.0025317743,0.0040976256,0.0033264905,0.004201241,0.0038428903,0.0021999255,-0.004852282,0.005588148,-0.0008123424,0.0067172335,0.0014630426,0.005026344,0.00056686625,-0.003726826,-0.0019582547,0.0013545454,-0.007132005,0.007858185,-0.0022388883,8.149352e-05,-0.0015453594,0.002863138,0.0054516094,0.003541004
-0.0063258335,0.0028204806,0.0011549275,-0.0011877548,0.0099309515,-0.0011446252,-0.003014896,0.00270034,-0.0037585218,0.00012854859,-0.005387172,-0.00012858957,0.0063476004,-0.00050066784,-0.0041156188,0.0060758847,0.00088172965,0.0032591932,0.004054675,5.541672e-05,-0.008140814,-0.0065216348,-0.0049762838,0.0045225564,0.0009167157,-0.0014569452,0.0010310435,0.0052570063,0.0016393121,0.0020547397
-0.01030916,-0.0059979707,0.0047129374,0.0025067301,-0.0002437383,-0.0047601126,0.0063195378,0.0050510764,0.0035175253,0.0040207207,0.0043365173,0.008170992,-0.004375376,0.0073955394,-0.0045551453,0.0019481815,-0.004608715,0.006852921,0.0072369445,-0.0014429496,0.004487071,0.003710173,-0.009263277,0.006344354,-0.009830471,-0.003620049,0.00032609748,0.0011590532,0.002078631,0.004337158
-0.00045845285,-0.0013675466,0.00012901053,0.0008130446,0.0005049426,-0.006186845,0.0045347773,-0.00020043552,-0.00066807494,0.00020314753,0.006185781,0.0026397146,-0.002094619,0.007569965,-0.0027819872,-0.0020384795,-0.00017848425,0.003206484,-0.0024524182,-0.0020667962,0.0023280904,0.0053932127,-0.003938999,0.0053164996,-0.0045570694,0.0021902714,0.00011457689,0.002714755,-0.0023743417,0.0066641867
-0.00841257,0.00024057552,0.00045397878,0.0041855983,0.0033875387,-0.00504124,0.00298981,0.0039693173,-0.00038232096,-0.0014883801,0.00024235807,0.004501816,-0.00078900903,0.0014151447,-0.0045956057,0.00056086155,-0.0029652566,0.00772997,0.004352333,0.00020881393,0.00038661063,0.00078133866,-0.0018814579,0.004225781,-0.0016881414,-0.0015885374,0.00043827994,0.0018341532,0.0035860734,0.0071851835
-0.004380606,-0.0006859042,0.004884477,-0.006538866,0.004829012,-0.0016887169,-0.0004246384,-0.0014858693,0.0011661891,0.0049852226,-0.0022957548,0.0035549738,0.005889546,0.001929719,-0.0038898103,0.0063680005,0.0025172848,-0.0027650855,0.0071015265,-0.0013237477,-0.0037717223,-0.0010069497,-0.008579541,0.002714781,-0.007645812,-0.005958692,-4.8184767e-05,0.004515285,-0.0022487622,-0.0030185953
-0.0110083185,0.0023355298,0.0007164199,0.0070129093,-0.0008967668,-0.007282801,0.0055830665,0.004982259,0.0012110174,-0.0017508697,0.0021238588,0.009814963,-0.0037656166,0.00015259907,-0.007453666,-0.0030869138,-0.0077304263,0.009810511,0.011882931,0.0025959553,0.006392371,0.004860632,-0.00082367286,0.0018357541,-0.0071277246,-0.0053299544,0.0018214281,-0.00029767817,0.003061018,0.007784538
-0.0010039955,-0.0043360665,0.00044665858,0.0048323786,-0.00227659,-0.005002007,0.005502712,-0.0004615225,0.0037468188,-0.00075096823,0.0062844455,0.0028770678,-0.0056224,0.0040772557,0.00049618445,-0.0020360663,-0.00073003024,0.0028092787,-0.0013997089,-0.0030058734,0.00575768,0.0063082837,0.0021952726,0.0034675412,-0.00020937994,0.0012435894,0.00017520646,-0.0022429186,0.0015583159,0.002356965
-0.008664105,-0.0011361539,0.0021133348,0.001978037,0.0033679176,-0.0046712738,0.0032732002,0.004205471,-0.00023901649,0.0010491814,0.0010898039,0.0052730776,-0.0005015582,0.0041632876,-0.0052034277,0.0017635757,-0.0029927716,0.006803803,0.0052770525,-0.00022973842,0.00019516423,0.00081738643,-0.0063643046,0.005400464,-0.005446311,-0.0021852124,0.00050237635,0.003024242,0.0018420843,0.0062132403
-0.004423,-0.00012001023,-0.00013781153,0.0044196844,0.00080125406,-0.005381845,0.0037791803,0.0014973283,0.00072053634,-0.0017561372,0.002788769,0.0038433783,-0.0024588816,0.0018765666,-0.0028901957,-0.0014631036,-0.002208719,0.005294662,0.002421245,-0.00058592414,0.0028989352,0.0035488866,0.00067620724,0.0031639878,-0.0012769215,-0.0004706625,0.00073315715,0.00016346667,0.0018606083,0.005183179
0.005290862,-0.004421085,0.0031860508,-0.0016710926,0.004698187,0.0031903554,-0.0042226687,-0.0053918585,0.0032066312,0.003134464,-0.0016333014,-0.0061588176,0.0024440922,-0.0009787828,0.0062237214,0.0074178805,0.0070611183,-0.008297082,-0.0023713224,-0.005404912,-0.0050848573,-0.0039099026,0.0024317466,0.0024631862,0.007940553,0.001124341,0.0011542211,-0.0013959124,-0.0006026551,-0.013903942
0.007760044,-0.0044527613,0.0014700405,-0.0020083543,0.0007486716,-0.00050904416,0.00031183288,-0.0043095797,0.0034633875,0.0027376115,0.0045959204,-0.0017819069,-0.00046719238,0.0073433705,0.003084937,0.0019403715,0.004675651,-0.0069516636,-0.005781967,-0.0050050453,0.0012740567,0.0030852128,-0.0031006336,0.004228752,0.00084996223,0.004007809,0.0016513993,-0.00034322706,-0.0034320448,-0.004712429
0.0051881783,0.0046226606,0.0050854515,-0.0057418067,0.009706225,0.0056739897,-0.012444437,-0.0075947195,-0.001220338,0.0054909335,-0.009860054,-0.007540997,0.010414816,-0.0075664,0.0027542878,0.010577142,0.0077988375,-0.01246741,0.008429431,-0.0014734832,-0.012050521,-0.010380764,0.000727538,-0.000674149,0.005778104,-0.004150925,0.0041650874,0.0024812873,-0.0058129206,-0.021854103
0.0044454522,-0.002096083,0.0011660699,-0.0043760166,0.002967056,-0.0038055442,0.0017790385,-0.0028590001,-0.0020203106,0.0029100236,0.005833203,-0.0011359267,0.0012454167,0.010035295,-0.0009777993,0.0009706826,0.003785601,-0.0021432266,-0.0060734265,-0.0038811604,-0.0018987246,0.0029515456,-0.0076670684,0.0064849053,-0.0045294836,0.0040044133,0.0001433976,0.0049577956,-0.0061469376,0.0021972582
-0.006057728,-0.0011961721,0.009502066,-0.0058547854,0.0072262734,0.008280054,-0.0054683723,-0.00608103,0.008200603,0.0066147475,-0.009571586,-0.0055882186,0.010595515,-0.008480355,0.010600485,0.0060450337,0.01085552,-0.005016409,0.005933743,0.002818887,-0.002709061,-0.013507713,-0.006935939,0.0038691517,0.010111336,-0.0015745545,0.0039839954,-0.0029787917,-0.0068700165,-0.021048762
0.006429136,0.009418957,-0.0025548283,-0.0006083511,0.0036986284,-0.0010130983,-0.0050273463,-0.00823769,-0.0007096939,-0.0044622794,-0.0047851615,-0.002753444,0.006583743,-0.010847647,0.0005728081,3.1433767e-05,0.0043606777,-0.0075831413,0.00449254,0.00064261886,-0.002638664,-0.00059939735,0.012171391,-0.0054887794,0.007243853,-0.0028014043,0.0029410156,-0.0015987218,-0.0023726802,-0.009040333
-0.00023358315,-0.007364897,0.004341649,-0.0012900382,0.0026554838,0.0002447907,0.0017437786,0.0014911294,0.0048379693,0.0041032936,0.002551686,0.00028627738,-0.0017395243,0.0059607327,0.0010425039,0.0054535684,0.0045576002,-0.0015413426,-0.0021904223,-0.0022105589,-0.0019935109,0.0010433979,-0.0056575425,0.0026215129,-0.0014108159,0.0015917588,-0.00023957575,-0.00076757756,4.58695e-05,-0.0051674806
-0.004913181,0.0105795115,-0.0017653983,-0.001041336,0.011858415,-0.0020114444,-0.0056270994,0.0031392071,-0.009579992,-0.0023847707,-0.0074723326,-0.0002840571,0.009435516,-0.0021071844,-0.007541636,0.0030994616,0.00011254661,0.005385138,0.004317753,0.003970977,-0.012152493,-0.007029947,-0.003815297,0.002320204,0.0015611909,-8.381158e-05,0.0014349758,0.008503236,-0.0008158609,0.007132545
0.001954835,0.0025451109,-0.0005845595,-0.00019082986,-0.00019353628,-0.004673803,0.0015292913,0.0002954416,-0.0017450769,-0.0019555073,0.0051148944,0.0011201985,-0.0012460835,0.0050489567,-0.003176866,-0.0025966964,-0.0009982754,0.0013738498,-0.000763068,-0.0016387689,0.0008206256,0.0033858046,-0.004465688,0.002491638,-0.0051392056,0.0012176046,-7.8779645e-05,0.0021318446,-0.0026820097,0.0035917535
-0.0063021816,0.0042994022,-0.0017594602,0.0061149085,0.005042415,-0.0032732226,-0.0004909411,0.0020667426,-0.00089606084,-0.004974613,-0.003917899,0.0016017407,0.001378268,-0.0060715973,-0.0027595852,0.0006719292,-0.0017760452,0.0057307333,0.005247565,0.0012265446,-0.0015599132,-0.0020470284,0.006339982,0.0006502494,0.005837634,-0.0018601976,0.0014974033,-0.00044194388,0.0054128803,0.0030734316
-0.010356538,0.00048194453,0.002228234,0.0019110963,0.0053395554,-0.0036305804,0.0015093274,0.004956862,-0.0009475481,0.00074464455,-0.001832014,0.0050633103,0.0014051795,0.0015765764,-0.005847333,0.003302358,-0.0032558348,0.0070285723,0.007838465,0.0006911524,-0.0018339828,-0.0018138736,-0.0060543567,0.004729606,-0.004347693,-0.0035287524,0.000966487,0.0033415516,0.0028598998,0.0050498843
-0.00811898,-0.0033214167,0.0058976803,0.000104172155,0.0026109666,-0.0019798335,0.005259365,-0.0033789277,0.00512316,0.0067039626,-0.00085738674,0.0033539385,0.0013776124,0.0005567409,0.0022960622,0.0005641277,0.002738146,0.0025034249,0.0072239116,0.0019074178,0.004865622,-0.00037901662,-0.00382673,0.006590914,-0.002068624,-0.0015429165,0.0053019277,7.019262e-06,-0.005986875,-0.0057612583
0.0028107464,-0.0055088773,0.0034630857,0.00052835234,-0.0046071038,-0.0008445438,0.0025392324,-0.00033949316,0.005739104,0.001858104,0.007150417,0.001266662,-0.0059643444,0.0054122433,0.0021624025,0.00065508764,-0.0006448459,-0.0031501465,0.0009595789,-0.005085985,0.0047466215,0.00402575,-0.0043137297,0.0017967653,-0.004972283,-0.00071051996,-0.0002491586,-0.0035146503,-0.0003804732,-0.007490013
-0.0026082806,-0.0021648742,0.004469719,-0.00082596205,0.0013526939,0.0018901825,-0.0013538003,-0.0016580448,0.0051640393,0.0044729942,0.00047521293,0.0018771663,-0.0018489249,-0.0024254657,0.0010874886,0.0058383844,0.00057555176,-0.0044648647,0.01014796,-0.001927569,0.0009050593,0.00034369715,-0.0003868565,0.00041875988,-0.0020543598,-0.0047773244,0.0030193352,-0.0024333247,0.0005528461,-0.012525063
0.0022442006,-0.006833732,0.004467098,-0.003247168,0.00019683875,-0.00087748654,0.002262514,-0.0026094913,0.0037074126,0.005989217,0.0060229395,0.0005543567,-0.002222173,0.008102298,0.0017514788,0.0038530622,0.0028282832,-0.004456099,-0.00069685094,-0.005054961,0.0013232902,0.0032334253,-0.0068222955,0.0052371845,-0.005108632,0.0006180033,0.00083395606,0.00063123927,-0.0035805535,-0.006289184
-0.008324318,0.0010895096,0.0034357067,0.00418147,-0.0018235631,-0.0062051527,0.0018196069,0.0046603624,0.00089715235,0.0004120972,0.005730929,0.004937757,-0.0053741205,0.0051130354,-0.004805822,-0.0020745983,-0.004131943,0.00816936,0.005233599,-0.0015311392,0.0012506619,0.003608372,-0.010222409,0.0037928503,-0.011323489,-0.0012255963,-0.0019057188,0.0018203242,0.00013512745,0.009231791
-0.0019996986,-0.00089580566,0.0064933226,0.00035719015,0.00096835196,-0.0028911568,-0.0071595684,-0.009714685,0.0005774144,0.009113055,-0.0060084686,-0.004504882,-4.480034e-05,0.0023737065,-0.0004798416,0.0046853186,0.0027570631,-0.013172146,-0.002203701,-0.01113341,-0.008966558,-0.0074292608,-0.0024502426,0.006926514,0.007848863,-0.0036155647,-0.004834419,0.0035511167,0.00023983046,-0.016276702
-0.003999267,-0.0021095984,0.0016629901,0.0042234585,-0.0045867767,-0.0072096596,0.007584065,0.0010383315,0.0031867102,0.0009578746,0.008018548,0.008095466,-0.0064932127,0.006051928,-0.0040365905,-0.0043050516,-0.00492768,0.004725173,0.0056807753,-0.0006166748,0.00928797,0.009291314,-0.0026192963,0.0030764565,-0.009385012,-0.0021286113,0.0014506313,-0.0010967068,-0.0013371836,0.004446231
-9.731576e-05,0.0044416897,0.0005175676,0.0007443428,0.0034760218,-0.0012445915,-0.0020105392,-0.0020810515,-0.0003443472,-0.0005569998,-0.0020017643,0.00086174905,0.0027877018,-0.0036727898,-0.0017249975,0.0016291249,-0.0001398474,-0.0020217597,0.00731662,0.0003350866,-0.0009899959,-0.0009942446,0.0023591071,-0.00043633394,0.00035868958,-0.0028476473,0.0033140718,-0.00023253052,-0.001431305,-0.0057479218
-0.006008655,-0.0025435798,0.005882716,-0.0008909814,0.0027172752,0.00042127445,0.0024388134,0.0016681924,0.004421385,0.005140474,0.00036291592,0.0016027801,2.4214387e-05,0.0031347536,-0.000440849,0.003972488,-3.1262636e-05,0.002701085,0.0047315042,-0.002418904,0.00015194714,-0.0044689365,-0.010580998,0.0062369127,-0.0042046905,-0.00066495966,0.0016791229,0.0017543599,-0.0010277014,-0.002989091
-0.002665583,0.007959627,-0.0031028856,0.0029991297,0.003954958,-0.00656229,0.00081328675,0.00045619532,-0.0047254153,-0.00474046,-7.6286495e-05,0.0026194192,0.002249673,-0.0011391528,-0.0060928417,-0.0034387303,-0.002108341,0.005458936,0.00337084,0.002291493,-0.00058529153,0.0018735528,0.002108883,0.0014135186,-0.0007613003,-0.00016348064,0.0018524551,0.0032417662,-0.0009689033,0.008330271
0.0018478781,-0.00031277537,0.0055077635,-0.0038181674,0.0032547414,-0.0015699621,-0.0021075495,-0.008729916,0.003944695,0.003433033,0.0022970606,0.0012437254,0.008195717,0.0018332638,0.0031908993,-0.0007203056,0.009435369,-0.0040724427,0.00022184104,0.002143277,0.003863845,0.002130838,-0.0031149462,0.0024251044,0.00615301,7.981993e-05,0.0021668966,-0.0012531725,-0.008789824,-0.003336493
-0.0046657734,-0.0038090497,0.0022407025,0.0023062462,0.0005683787,-0.0042272992,0.0042958297,0.0017658994,0.0021896027,0.0015248228,0.0039286,0.0040858835,-0.0029293485,0.005186908,-0.0021005291,0.0008524903,-0.0015502665,0.0038350187,0.0022283383,-0.0020981769,0.0027487986,0.0032959469,-0.003913339,0.0049090646,-0.0040483736,-0.0007389486,0.00037566246,0.00062785344,0.0010488685,0.0028523058
-0.0058184266,0.0075455643,-0.00018871203,-0.00022543967,0.005141454,-0.0040531773,-0.0009846687,0.0013897792,-0.0037435144,-0.00083006546,-0.0013371184,0.003966786,0.002734933,-0.0017005652,-0.0071208086,0.00046546478,-0.0025035627,0.0037320144,0.009714059,0.0027995443,-0.0020537972,0.00023296289,-0.0026071481,0.0013984218,-0.0051170103,-0.003499777,0.0027636834,0.0041826665,-0.0014293008,0.0035522245
0.00017716363,-0.00088019297,0.0012358595,-0.00024770014,0.0009909626,-0.0034464188,0.0018997341,-0.0024756715,0.0017165635,0.00068840943,0.0024519917,0.0017278679,0.00011921674,0.0019842535,-0.00079872645,0.00070532644,0.0015488993,-0.0010942668,0.0011481196,-0.0021286276,0.0011646934,0.0031576362,-0.00027908757,0.0021427292,-0.0017710514,-0.000923072,0.000562523,0.0004903462,-0.0012694225,-0.00089247525
-0.0005687699,0.0014815629,-4.484132e-05,0.0006476585,-0.00219029,-0.005052848,0.0025336035,0.0040434618,-0.0010690298,-0.0029061586,0.0066312235,0.0024893694,-0.0038223863,0.006928213,-0.0043956786,-0.0032105348,-0.0034801122,0.004406389,-0.00041504763,-0.0020922006,0.0016693026,0.0034785513,-0.008456618,0.0029189307,-0.008242141,0.0005949512,-0.0018734285,0.0019251662,-0.00030581653,0.006299097
0.0053192005,0.00066187605,0.00039829314,-0.013995668,0.0091933645,0.0011080038,-0.00495198,-0.010940563,-0.0033790004,0.0026963372,-0.007128611,-0.0037600994,0.012573246,-0.0024769194,-0.0001006946,0.01012806,0.013558326,-0.009120058,-0.0029150136,-0.003450951,-0.012408648,-0.004921809,-0.0025454648,0.0022787992,0.003192354,-0.0019951342,-0.0015559266,0.008131586,-0.005819196,-0.009186063
0.00095332786,-0.00077813864,0.004506428,-0.0036199093,0.0036379527,0.00032961927,0.0007143393,-0.009113379,0.0031370725,0.0051027546,-0.003660977,-0.0021635294,0.0069850646,-0.0018342882,0.0034966636,0.0016772384,0.0068858396,-0.0042826645,0.004870141,0.002318586,0.0013565943,-0.002667319,-0.0025914907,0.0026629567,-0.0013388507,-0.001654462,0.005174221,0.0007495928,-0.008199761,-0.013153363
-0.0111812465,-0.002208013,7.059984e-05,0.01004039,-0.004966339,-0.008656489,0.008567762,0.003596764,0.0045142677,-0.0019206889,0.0071022436,0.010235611,-0.011948263,0.00021225959,-0.0062611904,-0.0040579666,-0.008254185,0.014832139,0.007643318,0.0017749954,0.013650095,0.011110954,0.0069031045,-3.8769096e-05,-0.0053620227,-0.0021881545,0.0004484146,-0.0027847276,0.0064829607,0.0101344995
-0.0019370094,0.0029914677,-0.0010161847,0.0009966213,0.0020781532,-0.0029270109,-0.00016981736,-0.0003533587,-0.0001783669,-0.001898285,0.0028752312,0.0006414503,-0.0025135577,-0.001197163,-0.0018535834,9.239884e-06,0.00052186847,0.0017067753,0.0023646895,-0.0006000452,-0.0002773255,0.003111858,0.0020626485,0.0013263151,0.00025780872,8.9089386e-05,0.0008374532,0.0009701754,0.0012287442,0.0015856251
0.012285888,0.009275436,-0.005250497,-0.0062097237,0.008034488,-0.0015610959,-0.003980685,-0.0040310696,0.005698514,-0.005082153,0.0044736955,0.0033372343,0.00076650456,0.0064668953,0.0014091264,-0.00208366,0.016461687,-0.0064876974,-0.005425548,-0.0066819964,0.005020568,-0.009234153,0.010230705,-0.009560691,-0.0061137676,0.008360518,0.01005082,0.008236194,0.0029820437,-0.0151726045
-0.0010002926,-0.006306328,0.0045119636,-0.00059387274,-0.002895549,-0.001993833,0.005247332,0.004258437,0.0029891748,0.0034185192,0.007866684,0.0036438107,-0.0060065985,0.010714104,-0.0020373762,0.0012270347,-0.0023521092,0.0026865043,-0.00018748268,-0.0045342594,0.002645921,0.0039703213,-0.014201192,0.0048222616,-0.012503941,-0.0008427836,-0.0014101798,0.00035741436,0.0005938504,0.001537174
-0.00082170963,-0.00686324,0.0040841196,-0.0053433403,0.003177464,0.00038562715,-0.00015741959,0.0010282248,0.0022211112,0.0042904345,0.0044165608,-0.0018952042,-0.001533471,0.008073289,0.0011533946,0.006753743,0.0043398384,-0.0018148124,-0.0042313803,-0.006053283,-0.00449105,-0.0004631281,-0.0107466355,0.0065701567,-0.0034920648,0.0015736129,-0.0025484785,0.0034101433,0.00071612187,-0.0019739196
0.00012810156,0.002031032,-0.0012284592,-0.00053294376,0.000288086,-0.004407881,-0.00046727806,0.0022196658,0.0015756637,-0.0021782853,0.007825777,-0.00274257,-0.0059778243,0.006435223,-0.0039346814,-0.0014321695,0.0015302468,0.0008694418,-0.0034745354,-0.0045107733,-0.0030384287,0.00585432,-0.0046149977,0.003355002,-0.005271122,0.00468459,-0.0014682868,0.0023502735,0.0024013324,0.0073732026
-0.012149416,-0.0025447644,0.0061205635,0.0015773252,-0.0009338558,-0.0040119067,0.003198877,0.0033030678,0.00073471665,0.0050749797,0.001222061,0.0071630776,-0.0041389503,0.007754624,-0.0048626596,0.0020656637,-0.0047309007,0.0053656325,0.005931109,-0.0032427097,0.00265868,0.0003143996,-0.0100725815,0.00638937,-0.007278051,-0.0029667038,-0.0015849727,0.0033377197,0.0020074192,0.0025994368
-0.00099691,-0.008549441,0.0059470255,-0.0043654647,0.0027931388,-0.00072546303,0.0028376132,-0.001375597,0.0031760503,0.007860526,0.0041696094,0.00060466304,-2.6304275e-05,0.009949867,0.0014957972,0.005624318,0.0036702324,-0.0024103299,-0.0012892932,-0.00476914,-0.00059877336,0.00051199645,-0.0110183135,0.008168643,-0.005557593,0.0009658495,0.000729349,0.0027500193,-0.0039650407,-0.00450892
-0.006289948,-0.008077655,0.004478638,-0.00019354932,-0.0023484454,-0.006767513,0.008601785,0.0043670572,0.00240672,0.0049803667,0.009998692,0.0074555203,-0.0061388463,0.014983483,-0.0046491893,-0.0003569324,-0.0033690333,0.0064200573,0.00030620955,-0.0034524924,0.005410649,0.00731913,-0.01462465,0.008984169,-0.014115922,2.5819987e-05,-0.0013721609,0.0034987894,-0.001530081,0.008738056
-0.00033319741,-0.0048077665,0.0015432574,0.0020481022,-0.0022261553,-0.005355494,0.0059153214,-0.0005989559,0.0028375816,0.0014983285,0.0077819806,0.0034870654,-0.0049714316,0.0077308156,-0.00069737807,-0.0017166627,-0.0005648751,0.0019516945,-0.0015268791,-0.0032693609,0.005397236,0.0069666225,-0.002812855,0.004870871,-0.004673317,0.0013604788,0.00018655788,-0.00015441386,-0.0013440326,0.0028991438
-0.0018021986,-0.011093654,0.002850106,0.002242107,0.00033608265,0.0019370671,0.0019893497,-0.0005349368,0.007211563,0.0027239555,0.0031777658,-0.0007312931,-0.004172422,0.0026133321,0.0055419058,0.0060644276,0.004244568,-0.0006233826,-0.004175404,-0.0076649217,-0.0007563457,-0.0006569866,0.0028170869,0.0052576754,0.006395925,0.00086472556,-0.0007391395,-0.0039840625,0.005378959,-0.005628586
-0.010542519,0.002434574,0.0022718702,0.0044533117,-0.0004843492,-0.0033082813,0.0030004643,0.0054094903,0.0024053697,-0.0021198448,-0.00037557818,0.0051360875,-0.0024449378,-0.0018152632,-0.0033800062,-0.0021832392,-0.0049791355,0.008676805,0.009685998,0.0022717726,0.003661748,-0.0010715723,-0.0048220195,0.0021381956,-0.004710935,-0.0039629787,0.001149761,-0.001010068,0.0024220254,0.0019947737
-0.0027450025,0.0037840828,-0.0014150217,0.0031112079,0.0039794184,-0.004154749,0.00037987903,0.00034940988,-0.001849141,-0.0031431466,-0.00065482967,0.0013068095,0.0013654232,-0.0014489964,-0.0030287094,-0.0004289355,-0.000677282,0.0036157593,0.0024992693,0.000345706,-0.0010258816,0.0002751071,0.0025266372,0.0018861797,0.001872845,-0.00025472417,0.0014038146,0.0013485581,0.0011535902,0.0036618225
-0.0035130978,-0.0043969527,0.0004504081,-0.0018544439,0.005692564,0.0034490395,-0.0021082237,-0.0063338205,0.0040736273,-0.0011434555,0.009936847,-0.00556178,0.0034023896,0.0023698807,-0.003245961,0.004588326,0.0038469974,0.0030782446,0.00349788,-0.005952229,0.00046127662,-0.00089501217,-0.010000505,0.0025860686,-6.465241e-05,-0.001908618,-0.0029697688,-0.0005496065,-0.0013666488,-0.0032707714
-0.0064230487,0.00033169612,0.0010632146,0.003421666,-0.0016045459,-0.007747446,0.0064732693,0.0027458407,0.00034476258,0.00024431944,0.005776679,0.008164715,-0.0039076917,0.005813513,-0.0064830044,-0.003621997,-0.005305305,0.007088747,0.006299449,0.00067584263,0.006211685,0.0070186015,-0.004813522,0.0039499607,-0.009841498,-0.0022747517,0.0012476654,0.0016556882,-0.0010776557,0.008265547
0.009377353,-0.004825376,0.0015573762,-0.004035415,0.0078298915,0.004904961,-0.00600753,-0.006760385,0.001662707,0.0019991212,-0.0023431052,-0.010566335,0.0050328225,-0.00037194788,0.008714808,0.009248018,0.010863608,-0.0108411275,-0.0093669295,-0.0072752666,-0.009095989,-0.006636005,0.003158085,0.003301803,0.012882847,0.004855171,0.00045125047,-0.00037063437,-0.00048656575,-0.014348872
0.004604403,-0.008976961,0.0056957835,-0.00972599,0.009323185,0.0040069334,-0.0037206933,-0.0026979223,0.0012895446,0.008250423,-0.00052116066,-0.0059616826,0.0059421025,0.008073848,0.0058468375,0.012550365,0.009339167,-0.009344507,-0.0053015333,-0.007180444,-0.009177599,-0.0075092874,-0.011188965,0.006999789,0.00019147992,0.00238017,0.0005949079,0.0042393943,-0.0029711053,-0.013220113
-0.007625658,0.0004319027,-0.0032602493,0.0051890397,0.00339864,-0.0034134127,-0.00016368926,0.0031571537,0.0027336646,-0.004603699,0.0014989637,0.0067779347,-0.0036563352,-0.004909061,-0.0023422912,0.00068992935,-0.006921904,0.0018175617,0.0029348899,0.0025655173,-0.001438722,0.0069501437,0.0076859556,-0.0019735731,0.004232697,-0.0004999526,-0.0011418522,-0.004106532,0.0036786795,0.0057521276
-0.0025504008,-0.000686869,-0.0003542453,0.0056227213,-0.0019324105,-0.005769441,0.004932996,0.00014677271,0.0023931526,-0.0020506456,0.0047501214,0.0043326467,-0.004612455,0.0015881173,-0.0017421283,-0.003250181,-0.002573749,0.004136812,0.0024528056,-0.00091651594,0.0059716236,0.0060944073,0.0032295547,0.0019714553,-0.0012731552,-0.00045478623,0.0010962128,-0.0019620706,0.0013843868,0.003463883
0.0023095459,0.003176406,-0.0016213637,0.0049782433,0.0005191043,-0.004252786,0.0034588017,-0.0069345497,0.0026221331,-0.00061956793,0.0017850902,0.0009226985,-0.0008668937,-0.0020631626,0.0023984201,-0.0020376006,0.00094609894,-0.0037156865,0.00042013451,-0.00018884614,0.002866678,0.0061558653,0.006415453,-0.0029907525,0.00024762005,0.0015104879,0.0010953206,0.0007446036,0.00025440007,0.0029721074
